_id,SENJSKIH USKOKA 2,051/344-423,Rijeka,CENTAR ZA ODGOJ I OBRAZOVANJE,Grad Rijeka,51000,Ivone  Sabaric Rubesa,051/344-145,"Osnovna skola, Posebna ustanova odgoja i obrazovanja, Srednja s",http://centar-odgojiobrazovanje-ri.skole.hr/,"tatjana.kovacic@skole.hr, ured@centar-odgojiobrazovanje-ri.skol",08-071-026,Primorsko-goranska zupanija
1,LAGINJINA 1,"",Rijeka,Glazbena škola Ivana Matetića Ronjgova Rijeka,Primorsko-goranska županija,51000,Danijel  Trinajstić,"051/226-859, 051/227-570, 051/227-270","Osnovna škola, Srednja škola, Umjetnička škola",www.gs-imr.hr,ured@ogs-imateticaronjgova-ri.skole.hr,08-071-523,Primorsko-goranska županija
2,ANTUNA MIHANOVIĆA 21,"",Virovitica,Glazbena škola Jan Vlašimsky Virovitica,Grad Virovitica,33000,Damir  Mihaljević,"033/721-910, 033/721-805, 033/721-804","Osnovna škola, Srednja škola, Umjetnička škola","","glazbena@vlasimsky.hr, ravnatelj@vlasimsky.hr, racunovodstvo@vlasimsky.hr, ured@gs-jvlasimsky-vt.skole.hr",10-089-507,Virovitičko-podravska županija
3,Nikole Tesle 4,"",Virovitica,"CENTAR ZA ODGOJ, OBRAZOVANJE I REHABILITACIJU VIROVITICA",Grad Virovitica,33000,Stanislava  Đurčević,"033/721-854, 033/800-232","Osnovna škola, Srednja škola","","tajnistvo@coorvirovitica.hr, ured@coor-virovitica.skole.hr",10-089-004,Virovitičko-podravska županija
4,Vjekoslava Babukića 27,034/312-240,Požega,Glazbena škola Požega,Požeško-slavonska županija,34000,Alen  Kovačević,"034/273-630, 034/273-974","Osnovna škola, Srednja škola, Umjetnička škola",http://ss-glazbena-pozega.skole.hr/,"tajnistvo@glazbena-skola-pozega.hr, ured@ss-glazbena-pozega.skole.hr",11-077-508,Požeško-slavonska županija
5,Vukovarska 1,035/445-200,Slavonski Brod,Glazbena škola Slavonski Brod,Grad Slavonski Brod,35000,Mirela  Jagodić,"035/447-148, 035/445-200","Osnovna škola, Srednja škola, Umjetnička škola","",glazbena@gs-sbrod-sb.skole.hr,12-078-510,Brodsko-posavska županija
6,Dr. Franje Tuđmana 24e,023/315-757,Zadar,Glazbena škola Blagoje Bersa Zadar,Zadarska županija,23000,Branka  Višić Karavida,"023/319-127; 300-099, 023/300-098, 023 319-127","Osnovna škola, Srednja škola, Umjetnička škola",http://www.glazbena-skola-zadar.hr,gl-skola-blagoja-bersa-zd@zd.htnet.hr,13-107-521,Zadarska županija
7,TRG SVETOG TROJSTVA 1,031/215-661,Osijek,GLAZBENA ŠKOLA FRANJE KUHAČA Osijek,Osječko-baranjska županija,31000,Sunčana  Bašić,"031/211-064, 211-422, 099 327-03-03, 099 327-03-04, 091 2000-438","Osnovna škola, Srednja škola, Umjetnička škola",www.gsfk-osijek.hr,"gsfk@gsfk-osijek.hr, gsfk@gsfk-osijek.hr, gsfko@ogs-fkuhaca-os.skole.hr",14-060-520,Osječko-baranjska županija
8,DRINSKA 12/A,", ",Osijek,PROSVJETNO-KULTURNI CENTAR MAĐARA U REPUBLICI HRVATSKOJ,Ministarstvo znanosti obrazovanja i športa,31000,Janoš  Andoči,"031/ 274 - 339, 031/274-339, lokal 2, 031/274-340, 031/274-339 lokal  1","Osnovna škola, Srednja škola",www.pkcm.hr,"hmomk@pkcm.hr, hmomk@pkcm.hr",14-060-021,Osječko-baranjska županija
9,Sustjepanska 4,"",Dubrovnik,Dubrovačka privatna gimnazija,mr. sc. Tomislav Franušić,20000,Tomislav  Franušić,"091/108 2799, 020/332-844",Srednja škola,"","tomislav.franusic@pg-dubrovnik.net, tajnistvo@pg-dubrovnik.net",19-018-515,Dubrovačko-neretvanska županija
10,Zagrebačka 24,"",Dugo Selo,Glazbena škola Dugo Selo,Grad Dugo Selo,10370,Dario  Cebić,"","Osnovna škola, Srednja škola, Umjetnička škola","","glazbena.skola.ds@gmail.com, ured@gs-dugo-selo.skole.hr",01-020-003,Zagrebačka županija
11,Trg kralja Tomislava 18,"",Zagreb,Glazbena škola Brkanović,"Ivanka Brkanović, Trg kralja Tomislava 18",10000,Vedran  Brkanović,0958356708,"Osnovna škola, Srednja škola, Umjetnička škola",www.glazbenaskolabrkanovic.hr,"vedran.brkanovic@skole.hr, info@glazbenaskolabrkanovic.hr",21-114-626,Grad Zagreb županija
12,Jakova Gotovca 2,"",Čakovec,SREDNJA ŠKOLA - ČAKOVEC,Savez Baptističkih crkava u Republici Hrvatskoj/Baptistička crkva s pastoralnim centrom Čakovec  ,40000,Gordana  Ramušćak,"040/314108, 099 333 44 70","Osnovna škola, Srednja škola",http://www.ss-cakovec.skole.hr/,"ravnatelj@ss-cakovec.skole.hr, ured@ss-cakovec.skole.hr",20-010-507,Međimurska županija
13,Ljudevita Gaja 22,"",Zagreb,OPĆA PRIVATNA GIMNAZIJA,Tomislav Krstičević,10000,,01/4816-063,Srednja škola,www.opca-privatna-gimnazija.hr,info@opca-privatna-gimnazija.hr,21-114-623,Grad Zagreb županija
14,Vladimira Stahuljaka 1,01/6454-681,Sesvete,Srednja škola Jelkovec,Grad Zagreb,10360,Marko  Kovačević,"01/2049-723, 016454680",Srednja škola,ss-jelkovec.skole.hr,ured@ss-jelkovec.skole.hr,21-114-624,Grad Zagreb županija
15,Ulica Nikole Tesle 14,"",Zagreb,Privatna sportska i jezična gimnazija Franjo Bučar,Privatna sportska i jezična gimnazija Franjo Bučar,10000,Zdenka  Ivanković,01 5620 833,Srednja škola,www.gimnazijabucar.hr,ured@gimnazija-fbucar-zg.skole.hr,21-114-628,Grad Zagreb županija
16,Harambašićeva 14,"",Zagreb,"Glazbena škola ""Muzički atelje""",Zdravko Miladin,10000,Zdravko  Miladin,095/910-2412,"Osnovna škola, Srednja škola, Umjetnička škola","",info@muzickiatelje.hr,21-114-630,Grad Zagreb županija
17,Trg Svetog Trojstva 16,042/421-793,Ludbreg,Srednja škola Ludbreg,Varaždinska županija,42230,Josip  Zdelar,042/421-791,Srednja škola,www.ssludbreg.hr,josip.zdelar@skole.hr,05-087-501,Varaždinska županija
18,Zagorska 23,"",Novi Marof,Srednja škola Novi Marof,Varaždinska županija,42220,Nikola  Žganec,"042 205 109 // 091 282 7155, 042 205 110, 042 205 110",Srednja škola,www.ss-novimarof.skole.hr,"ravnatelj.ssnm@gmail.com, ured.ssnm@skole.hr",05-087-502,Varaždinska županija
19,Vodnikova 12,"",Zagreb,Gimnazija Marul,Centar za strane jezike,10000,Katarina  Bačić,01 4877800,Srednja škola,"","marul@gimnazijamarul.hr, ured@gimnazija-marul-zg.skole.hr",21-114-631,Grad Zagreb županija
20,Park Ribnjak 1,"",Zagreb,Glazbena škola Ladislav Račić,Ladislav Račić,10000,Ladislav  Račić,01 4818 592,"Osnovna škola, Srednja škola, Umjetnička škola",www.rock-akademija.hr,"info@rock-akademija.hr, ured@glazbena-ladislavracic.skole.hr",21-114-634,Grad Zagreb županija
21,Ljubijska ul. 82,"",Zagreb,"Privatna glazbena škola ""Iva Kuprešak""",Iva Kuprešak,10000,Iva  Vidaković,099/352-0880,"Osnovna škola, Srednja škola, Umjetnička škola","",ik2210@columbia.edu,21-114-158,Grad Zagreb županija
22,Splitska 1,"",Zadar,Privatna gimnazija NOVA s pravom javnosti,Dolores Mufa,23000,Margita  Gurdulić,023 301 565,Srednja škola,www.pgnova.hr,"skola@pgnova.hr, ured@privatna-gimnazija-nova.skole.hr",13-126-537,Zadarska županija
23,"Sopot 2, Podsused","",Zagreb,"EPOHA, privatna gimnazija s pravom javnosti","Epoha, privatna gimnazija s pravom javnosti",10000,Renata  Brekalo,01 8880410,Srednja škola,"",info@epoha.hr,21-114-635,Grad Zagreb županija
24,Dvorničićeva 15,"",Zagreb,Humanistička gimnazija,Hetairos d.o.o. za usluge,10000,Tonći  Maleš,"",Srednja škola,"",info@hug.hr,21-114-571,Grad Zagreb županija
25,Kninska ulica 9,"",Dugopolje,Privatna srednja škola Aspalathos Međunarodna škola,Split International Group d.o.o.,21204,John  Rogošić,"",Srednja škola,"",john.rogosic@skole.hr,17-126-537,Splitsko-dalmatinska županija
26,Radnička cesta 180,"",Zagreb,Privatna srednja škola AMAC međunarodna škola,AMERICAN ACADEMY ADRIA s.r.o.,10000,Ondřej  Kania,"",Srednja škola,https://americanacademy.com/hr/school-zagreb/,"zagreb@americanacademy.com, croatia@americanacademy.com, ondrej.kania@skole.hr",21-114-569,Grad Zagreb županija
27,Av. Gojka Šuška 1,"",Zagreb,Policijska škola Josip Jović,Ministarstvo unutarnjih poslova,10000,Mario  Bošnjak,"",Srednja škola,"",policijska_skola@skole.hr,21-114-636,Grad Zagreb županija
28,Wenzelova 2,"",Rijeka,MEĐUNARODNA SREDNJA ŠKOLA ADRIA,Andrej Marušić,51000,Marijeta  Mašić,+385 91 4925 555,Srednja škola,"","info@adria-school.hr, admin@ss-adria-ri.skole.hr",08-071-531,Primorsko-goranska županija
29,Ulica kardinala Alojzija Stepinca 21,"",Osijek,EDukOS-PRIVATNA SREDNJA ŠKOLA S PRAVOM JAVNOSTI,EDukOS-privatna srednja škola s pravom javnosti,31000,Boris  Hartman,"",Srednja škola,"",ured@ss-edukos-os.skole.hr,14-060-523,Osječko-baranjska županija
30,Zametska 6,"",Rijeka,SREDNJA WALDORFSKA ŠKOLA U RIJECI,DRUŠTVO PRIJATELJA WALDORFSKE PEDAGOGIJE(Registar udruga Primorsko - goranske županije- broj:08000959),51000,Sandra  Kraljević Pavelić,"",Srednja škola,"","",08-071-527,Primorsko-goranska županija
31,Siget 18c,"",Zagreb,SREDNJA WALDORFSKA ŠKOLA U ZAGREBU,UDRUGA RODITELJA I  UČITELJA WALDORFSKE ŠKOLE U ZAGREBU,10020,,"",Srednja škola,"",aleksandra.belkovic@skole.hr,21-114-633,Grad Zagreb županija
32,SPLITSKA 2,"",Šibenik,GLAZBENA ŠKOLA IVANA LUKAČIĆA,Šibensko-kninska županija,22000,Ruža  Raguž Cukrov,022/212-227,"Osnovna škola, Srednja škola, Umjetnička škola","",ured@glazbena-ilukacica-si.skole.hr,15-081-511,Šibensko-kninska županija
33,Bruna Bušića 5,021/670-052,Imotski,GLAZBENA ŠKOLA DR. FRA IVAN GLIBOTIĆ-IMOTSKI,Splitsko-dalmatinska županija,21260,Darko  Rimac,"021/670-052, 021/841-811","Osnovna škola, Srednja škola, Umjetnička škola","","glazbenaskolaimotski@gmail.com, ured@gs-drfraiglibotic-imotski.skole.hr",17-030-506,Splitsko-dalmatinska županija
34,DON MIHOVILA PAVLINOVIĆA 1,021/678-710,Makarska,Glazbena škola Makarska,Grad Makarska,21300,Željko  Vlaho,"021/611-048, 021/611-048","Osnovna škola, Srednja škola, Umjetnička škola","","ured@gs-makarska.skole.hr, zeljko.vlaho@skole.hr",17-047-503,Splitsko-dalmatinska županija
35,TRG HRVATSKE BRATSKE ZAJEDNICE 3,021 480080,Split,GLAZBENA ŠKOLA JOSIPA HATZEA,Splitsko-dalmatinska županija,21000,,"021/480-049, 0953482250","Osnovna škola, Srednja škola, Umjetnička škola",http://www.gsjh.hr/,ured@ogs-jhatzea-st.skole.hr,17-126-525,Splitsko-dalmatinska županija
36,ROVINJSKA 6,052/212-339,Pula,Škola za odgoj i obrazovanje - Pula,Grad Pula,52100,Višnja  Popović,"052/ 212-339, 052/223-434","Osnovna škola, Posebna ustanova odgoja i obrazovanja, Srednja škola",http://ss-odgoj-obrazovanje-pu.skole.hr/,"skoo.pula@gmail.com, ured@ss-odgoj-obrazovanje-pu.skole.hr",18-069-011,Istarska županija
37,CISCUTTIJEVA 22,052/542-187,Pula,Glazbena škola Ivana Matetića - Ronjgova Pula,Istarska županija,52100,Romana  Vuksan Zuban,"052/543 915  ;  052/543 905, 052/543-912","Osnovna škola, Srednja škola, Umjetnička škola",http://www.imr.hr,"glazbena@imr.hr, admin@ss-glazbena-imatetica-ronjgova-pu.skole.hr",18-069-512,Istarska županija
38,STROSSMAYEROVA 3,"",Dubrovnik,UMJETNIČKA ŠKOLA LUKE SORKOČEVIĆA DUBROVNIK,Dubrovačko-neretvanska županija,20000,Dario  Čagalj,"020/324-636, 020/324-636, 020/324-642, 020/324 604","Osnovna škola, Srednja škola, Umjetnička škola","",ured@ss-umjetnicka-lsorkocevica-du.skole.hr,19-018-514,Dubrovačko-neretvanska županija
39,VLADIMIRA NAZORA 14,"",Čakovec,Umjetnička škola Miroslav Magdalenić Čakovec,Grad Čakovec,40000,Senka  Bašek-Šamec,"040/390-801, 040/390-801, 040/390-802","Osnovna škola, Srednja škola, Umjetnička škola","","ured@os-umjetnicka-ck.skole.hr, tajnistvo@os-umjetnicka-ck.skole.hr",20-010-008,Međimurska županija
40,TRG MATICE HRVATSKE 3,01/336-35-50,Samobor,Glazbena škola Ferdo Livadić,Zagrebačka županija,10430,,"01/333-64-27, 333-61-04, 01/333-61-05","Osnovna škola, Srednja škola, Umjetnička škola","","ured@ss-glazbena-flivadic-samobor.skole.hr, zdenka.mercep@skole.hr",01-073-504,Zagrebačka županija
41,SLAVKA KOLARA 39,622-13-75,Velika Gorica,Umjetnička škola Franje Lučića,Grad Velika Gorica,10410,Borut  Vidošević,"622-13-76, 622-13-75, 626-05-35","Osnovna škola, Srednja škola, Umjetnička škola",www.ss-umjetnicka-flucica-velikagorica.skole.hr,ured@ss-umjetnicka-flucica-velikagorica.skole.hr,01-087-505,Zagrebačka županija
42,ZAJEZDA 31,049 301-773,Zajezda,CENTAR ZA ODGOJ I OBRAZOVANJE ZAJEZDA,"Ministarstvo za demografiju, obitelj, mlade i socijalnu skrb",49284,Denis  Sušac,"049/459-002, 049 458-115, 049 458-246","Osnovna škola, Srednja škola","",ured@centar-zajezda-budinscina.skole.hr,02-168-002,Krapinsko-zagorska županija
43,Trg dr. Franje Tuđmana 3,"",Novska,Glazbena škola u Novskoj,Sisačko-moslavačka županija,44330,Dunja  Uroić,"044/601-299, 044/601-299","Osnovna škola, Srednja škola, Umjetnička škola",www.glazbena-novska.hr,"glazbena-skola-novska@sk.t-com.hr, ured@ss-glazbena-novska.skole.hr",03-054-502,Sisačko-moslavačka županija
44,Trg Ljudevita Posavskog 2,044/548-528,Sisak,GLAZBENA ŠKOLA FRANA LHOTKE,Sisačko-moslavačka županija,44000,Tomislav  Ivšić,044/548-528,"Osnovna škola, Srednja škola, Umjetnička škola",http://www.fran-lhotka.hr,"ured@ogs-franlhotka-sk.skole.hr, , info@ogs-franlhotka-sk.skole.hr",03-076-508,Sisačko-moslavačka županija
45,BANIJA 24,"047/648-395, 648-548",Karlovac,CENTAR ZA ODGOJ I OBRAZOVANJE DJECE I MLADEŽI,Grad Karlovac,47000,Volodymyr  Kubinskyy,"047/648-548, 047/648-395","Osnovna škola, Posebna ustanova odgoja i obrazovanja, Srednja škola",centar-odgojiobrazovanje-djeceimladezi-ka.skole.hr,coodm@centar-odgojiobrazovanje-djeceimladezi-ka.skole.hr,04-034-010,Karlovačka županija
46,CESARČEVA 3.,"",Karlovac,GLAZBENA ŠKOLA KARLOVAC,Karlovačka županija,47000,Snježana  Mrljak,"047/642-669, 047/600-575, 047/615-161","Osnovna škola, Srednja škola, Umjetnička škola","","info@glazbena-ka.hr, ravnatelj@glazbena-ka.hr",04-034-513,Karlovačka županija
47,JURJA KRIŽANIĆA 33,301-360,Varaždin,Centar za odgoj i obrazovanje Tomislav Špoljar,Grad Varaždin,42000,Marin  Vučić,"212-787, 301-362, 301-363, 301-361, 658-450","Osnovna škola, Posebna ustanova odgoja i obrazovanja, Srednja škola","","info@centar-tspoljar-vz.skole.hr, info@centar-tspoljar-vz.skole.hr",05-086-007,Varaždinska županija
48,Kapucinski trg 8,042213715,Varaždin,Glazbena škola u Varaždinu,Varaždinska županija,42000,Davor  Matačić,"042213123, 042200940, 042200125","Osnovna škola, Srednja škola, Umjetnička škola","","glazbena-skola@vz.t-com.hr, tajnistvo@glazbena.hr, ured@ogs-varazdin.skole.hr",05-086-512,Varaždinska županija
49,Antuna Gustava Matoša 4,048/711-273,Križevci,"Glazbena škola Alberta Štrige, Križevci",Grad Križevci,48260,Branka  Špoljar,"048/711-273, 048/711-274, 048/711-373","Osnovna škola, Srednja škola, Umjetnička škola",www.glazbenaskolakrizevci.hr,"branka.spoljar@skole.hr, tajnistvo@ss-glazbena-astrige-kc.skole.hr",06-041-505,Koprivničko-križevačka županija
50,Vatroslava Lisinskog 1,043/241-407,Bjelovar,GLAZBENA ŠKOLA VATROSLAVA LISINSKOG BJELOVAR,Bjelovarsko-bilogorska županija,43000,Nevenka  Presečan Arvay,"043/244-416, 043/243-416, nena.presecan@gmail.com","Osnovna škola, Srednja škola, Umjetnička škola",www.lisinski-bj.hr,"glazbena@lisinski-bj.hr, nevenka.presecan-arvay@skole.hr",07-004-511,Bjelovarsko-bilogorska županija
51,Trg Presvetog Trojstva 8,043/440-518,Daruvar,GLAZBENA ŠKOLA BRUNE BJELINSKOG DARUVAR,Bjelovarsko-bilogorska županija,43500,Vanda  Cegledi,"043/335-625, 043/440-518, 099/2158-111","Osnovna škola, Srednja škola, Umjetnička škola","",ured@gs-bbjelinskog-daruvar.skole.hr,07-012-504,Bjelovarsko-bilogorska županija
52,ILIRSKI TRG 9,01/485-13-20,Zagreb,ŠKOLA ZA KLASIČNI BALET,Grad Zagreb ,10000,Marko  Đurakić,"01/485-13-20, 01/485-12-26","Osnovna škola, Srednja škola, Umjetnička škola",www.skolazaklasicnibalet.hr,skola@skolazaklasicnibalet.hr,21-114-589,Grad Zagreb županija
53,Laginjina 13,"",Zagreb,ŠKOLA SUVREMENOG PLESA ANE MALETIĆ,Grad Zagreb ,10000,Oksana  Čuljat,"01/4670 400, 01/4670 400","Srednja škola, Umjetnička škola",https://plesnaanamaletic.school/,"skola@skolaanemaletic.hr, oksana.culjat@skole.hr",21-114-590,Grad Zagreb županija
54,ZAGORSKA 16,"",Zagreb,UMJETNIČKA PLESNA ŠKOLA SILVIJE HERCIGONJE,Grad Zagreb ,10000,Ivana  Pinjušić Bužančić,"","Osnovna škola, Srednja škola, Umjetnička škola","","matija.podnar1@skole.hr, ravnatelj@plesna-hercigonja.com, racunovodstvo@plesna-hercigonja.com, tajnistvo@plesna-hercigonja.com",21-114-121,Grad Zagreb županija
55,Božidara Magovca 103,01/239-54-95,Zagreb,GLAZBENA ŠKOLA ZLATKA BALOKOVIĆA,Grad Zagreb ,10000,Marjan  Krajna,"01/6692-951, 01/2399-180","Osnovna škola, Srednja škola, Umjetnička škola","",glazbenaskola.zbalokovica@inet.hr,21-114-596,Grad Zagreb županija
56,TRG  ŽRTAVA  FAŠIZMA 9,01/45 52 858,Zagreb,GLAZBENA ŠKOLA PAVLA MARKOVCA,Grad Zagreb ,10000,Niko  Marušić,"01/45 52 590, 01/45-52-858","Osnovna škola, Srednja škola, Umjetnička škola","","gspm@ss-glazbena-pmarkovca-zg.skole.hr, franjo.klinar@skole.hr, pavla.markovca@zg.t-com.hr, upisi.ss.gspm@gmail.com, ured@ss-glazbena-pmarkovca-zg.skole.hr",21-114-591,Grad Zagreb županija
57,Vlaška ulica 87,", ",Zagreb,Glazbeno učilište Elly Bašić,Grad Zagreb ,10000,Mirela  Buchberger Karlo,01/4666 101,"Osnovna škola, Srednja škola, Umjetnička škola",www.ellybasic.hr,guebasic@zg.t-com.hr,21-114-592,Grad Zagreb županija
58,GUNDULIĆEVA 4/1,01/483-07-67,Zagreb,GLAZBENA ŠKOLA VATROSLAVA LISINSKOG,Grad Zagreb ,10000,Antonio  Mrčela,"01/483-07-64, 483-07-67, 098-9779-374","Osnovna škola, Srednja škola, Umjetnička škola",www.glazbena-lisinski.hr,"glazbena.lisinski@gmail.com, ured@ss-glazbena-vlisinskog-zg.skole.hr",21-114-593,Grad Zagreb županija
59,BRITANSKI TRG 5,"",Zagreb,Glazbena škola Blagoja Berse,Grad Zagreb ,10000,Mislav  Defar,01/482-35-53;482-35-70,"Osnovna škola, Srednja škola, Umjetnička škola","",glazbena@bersa.hr,21-114-594,Grad Zagreb županija
60,Kušlanova 59a,01/2382240,Zagreb,Centar za odgoj i obrazovanje Vinko Bek,"Ministarstvo za demografiju, obitelj, mlade i socijalnu skrb",10000,Ivana  Rotim,"01/2382241, 01/2382242, 01/2382200","Osnovna škola, Posebna ustanova odgoja i obrazovanja, Srednja škola, Umjetnička škola","",ured@centar-vinko-bek-zg.skole.hr,21-114-153,Grad Zagreb županija
61,Vladimira Nazora 47,"01/4875977, 01/4875977",Zagreb,Centar za odgoj i obrazovanje Slave Raškaj Zagreb,"Ministarstvo za demografiju, obitelj, mlade i socijalnu skrb",10000,Jelena  Grabovac,"01/4821202, 01/4821204, 01/4821202","Osnovna škola, Posebna ustanova odgoja i obrazovanja, Srednja škola",http://centar-sraskaj-zg.skole.hr,ured@centar-sraskaj-zg.skole.hr,21-114-147,Grad Zagreb županija
62,PRILAZ TOMISLAVA ŠPOLJARA 2,01/291-16-67,Zagreb,Centar za odgoj i obrazovanje Dubrava,"Ministarstvo za demografiju, obitelj, mlade i socijalnu skrb",10000,Liliana  Kalčić Galeković,"01/291-16-65, 01/291-16-67","Posebna ustanova odgoja i obrazovanja, Srednja škola",www.centardubrava.hr,"centardubrava@centardubrava.hr, ured@centar-dubrava-zg.skole.hr",21-114-149,Grad Zagreb županija
63,FERENČAKOVA 25,01 2756001,Dugo Selo,Srednja škola Dugo Selo,Zagrebačka županija,10370,Darinka  Svetec,012756000,Srednja škola,http://ss-dugo-selo.skole.hr/,ured@ss-dugo-selo.skole.hr,01-020-501,Zagrebačka županija
64,Školska 12,01/288-89-93,Ivanić-Grad,Srednja škola Ivan Švear Ivanić Grad,Zagrebačka županija,10310,Josipa  Ilić,"01/288-89-92, 01/288-89-92",Srednja škola,www.ssivanic.hr,isvear@ss-isvear-ivanic-grad.skole.hr,01-032-501,Zagrebačka županija
65,VEĆESLAVA HOLJEVCA 11,01/6271169,Jastrebarsko,SREDNJA ŠKOLA JASTREBARSKO,Zagrebačka županija,10450,Sonja  Stipanović,"01/628-14-84, 01/628-35-44",Srednja škola,www.ss-jastrebarsko.skole.hr,"srednja.skola.jastrebarsko@gmail.com, srednja.jastrebarsko@skole.hr",01-033-501,Zagrebačka županija
66,Andrije Hebranga 26,01/336-00-06,Samobor,"EKONOMSKA, TRGOVAČKA I UGOSTITELJSKA ŠKOLA - SAMOBOR",Zagrebačka županija,10430,Mirjana  Kroflin,"01/336-03-23/1, 01/336-03-23/4, 01/332-42-90",Srednja škola,ss-ekonomska-trgovacka-ugostiteljska-samobor.skole.hr,"ravnatelj@ss-ekonomska-trgovacka-ugostiteljska-samobor.skole.hr, ured@ss-ekonomska-trgovacka-ugostiteljska-samobor.skole.hr",01-073-501,Zagrebačka županija
67,Andrije Hebranga 26,01/336-04-01,Samobor,GIMNAZIJA ANTUNA GUSTAVA MATOŠA,Zagrebačka županija,10430,Franjo  Bedeničić,01/336-04-01,Srednja škola,"",agmatos@gimnazija-agmatos-samobor.skole.hr,01-073-502,Zagrebačka županija
68,ANDRIJE HEBRANGA 26,01/336-52-00,Samobor,SREDNJA STRUKOVNA ŠKOLA,Zagrebačka županija,10430,Davor  Škiljan,"01/336-52-00, 01/336-52-00, 01/336-10-80",Srednja škola,"",ured@ss-strukovna-samobor.skole.hr,01-073-503,Zagrebačka županija
69,KRALJA STJEPANA TOMAŠEVIĆA 21,01/626-52-39,Velika Gorica,Ekonomska škola Velika Gorica,Zagrebačka županija,10410,Vesna  Brkljačić,"01/626-52-39, 01/626-52-49, 01/626-52-48",Srednja škola,"",ured@ss-ekonomska-velikagorica.skole.hr,01-087-501,Zagrebačka županija
70,ULICA KRALJA STJEPANA TOMAŠEVIĆA 21,01/6221-370,Velika Gorica,GIMNAZIJA VELIKA GORICA,Zagrebačka županija,10410,Brankica  Žugaj,"01/6221-370, 01/6265-244",Srednja škola,http://www.gimnazija-velika-gorica.skole.hr/,ured@gimnazija-velika-gorica.skole.hr,01-087-502,Zagrebačka županija
71,ULICA KRALJA STJEPANA TOMAŠEVIĆA 21,"",Velika Gorica,SREDNJA STRUKOVNA ŠKOLA VELIKA GORICA,Zagrebačka županija,10410,Miroslav  Antolčić,"6251-800, 01/ 6222 256, 01 6222 233, 01 6222 113",Srednja škola,ss-strukovna-velikagorica.skole.hr,	ured@ss-strukovna-velikagorica.skole.hr,01-087-503,Zagrebačka županija
72,Rudolfa Fizira 6,38575805650,Velika Gorica,Zrakoplovna tehnička škola Rudolfa Perešina,Zagrebačka županija,10410,Vedran  Šarac,"01/6260 523, 01/6260 526",Srednja škola,http://ss-zrakoplovna-rperesina-vg.skole.hr,ured@ss-zrakoplovna-rperesina-vg.skole.hr,01-087-504,Zagrebačka županija
73,7. SVIBNJA 2,01/279-11-09,Vrbovec,SREDNJA ŠKOLA VRBOVEC,Zagrebačka županija,10340,Dubravka  Borko,"01/279-11-09, 01/279-10-49, 01/279-31-21",Srednja škola,www.ssvrbovec.hr,ured@ss-vrbovec.skole.hr,01-094-501,Zagrebačka županija
74,TRG DR FRANJE TUĐMANA 1,"",Zaprešić,Srednja škola Ban Josip Jelačić,Zagrebačka županija,10290,Alan  Labus,"01/339-99-84, 01/339-99-84",Srednja škola,www.ss-ban-jjelacic-zapresic.skole.hr,ured@ss-ban-jjelacic-zapresic.skole.hr,01-108-501,Zagrebačka županija
75,Gundulićeva 2a,"",Sveti Ivan Zelina,Srednja škola Dragutina Stražimira,Zagrebačka županija,10380,,"01/2060-047, 01/2060-622",Srednja škola,"",ured@ss-dstrazimira-svetiivanzelina.skole.hr,01-109-501,Zagrebačka županija
76,ŠETALIŠTE HRVATSKOG NARODNOG PREPORODA 6,049/382-113,Krapina,SREDNJA ŠKOLA KRAPINA,Krapinsko-zagorska županija,49000,Ivica  Rozijan,"049/382-111, 049/382-111, 049/382-100, 049/382-112, 049/382-117, 049/382-101, 049/382-123",Srednja škola,www.ss-krapina.skole.hr,ured@ss-krapina.skole.hr,02-040-501,Krapinsko-zagorska županija
77,IVANA I CVIJETE HUIS 2,049/249-130,Zabok,SREDNJA ŠKOLA ZABOK,Krapinsko-zagorska županija,49210,Draženka  Jurec,"049/221-018, 049/500-142, 049/226-577, 049/221-018",Srednja škola,http://ss-zabok.skole.hr,srednjao@inet.hr,02-097-501,Krapinsko-zagorska županija
78,Prilaz prof. Ivana Vrančića 5,"",Zabok,"Škola za umjetnost, dizajn, grafiku i odjeću Zabok",Krapinsko-zagorska županija,49210,Božica  Šarić,"049/221-620, 049/221-174, 049/221-205","Srednja škola, Umjetnička škola",http://ss-sudigo-zabok.skole.hr,ured@ss-sudigo-zabok.skole.hr,02-097-502,Krapinsko-zagorska županija
79,Prilaz Janka Tomića 2,049/503-382,Zabok,GIMNAZIJA ANTUNA GUSTAVA MATOŠA,Krapinsko-zagorska županija,49210,Bibijana  Šlogar,"049/587-655, 049/587-661, 049/587-667, 049/587-655",Srednja škola,http://www.gimagm.hr/,"ured@gimnazija-agmatos-zabok.skole.hr, gimagm-zabok@gimagm.hr",02-097-503,Krapinsko-zagorska županija
80,STJEPANA ŠKREBLINA 2,"049/382-159, 049/377-959",Pregrada,SREDNJA ŠKOLA PREGRADA,Krapinsko-zagorska županija,49218,Vilmica  Kapac,"049/382-150, 049/382-151, 049/382-152, 049/382-154, 049/382-155, 049/382-156, 049/382-158, 049/382-160, 049/377-953, 049/377-960, 049/377-961, 049/382161",Srednja škola,www.ss-pregrada.skole.hr,"ss-pregrada@kr.t-com.hr, ravnateljica@ss.pregrada.hr, knjiznica@ss.pregrada.hr, admin@ss-pregrada.skole.hr, srednja.skola.pregrada@kr.t-com.hr, ured@ss-pregrada.skole.hr",02-123-501,Krapinsko-zagorska županija
81,Ljudevita Gaja 1 ,049/213-585,Bedekovčina,SREDNJA ŠKOLA BEDEKOVČINA,Krapinsko-zagorska županija,49221,Vera  Hrvoj,"049/213-514, 213-994",Srednja škola,"","sskola-bedekovcina@kr.t-com.hr, ured@ss-bedekovcina.skole.hr",02-167-501,Krapinsko-zagorska županija
82,MATIJE GUPCA 5,049/465-141,Konjščina,SREDNJA ŠKOLA KONJŠČINA,Krapinsko-zagorska županija,49282,Milojka  Rataić,"049/465-141, 049/464-356, 049/465-084",Srednja škola,www.ss-konjscina.skole.hr,"ss-konjscina@kr.htnet.hr, ured@ss-konjscina.skole.hr",02-177-501,Krapinsko-zagorska županija
83,LJ. Gaja 1,"",Oroslavje,Srednja škola Oroslavje,Krapinsko-zagorska županija,49243,Natalija  Mučnjak,"+385049588740, +385049588657, +385049588745, +385049588654, +385049588650, +385049588655, +385049588744",Srednja škola,http://ss-oroslavje.skole.hr,"admin@ss-oroslavje.skole.hr, natalija.mucnjak@skole.hr, barbara.trsinski-veverec@skole.hr, ured@ss-oroslavje.skole.hr",02-183-501,Krapinsko-zagorska županija
84,BRAĆE RADIĆA 10,049/467-169,Zlatar,SREDNJA ŠKOLA ZLATAR,Krapinsko-zagorska županija,49250,Mladen  Pavetić,"049/467-169, 049/467-169, 049/500-131, 049/467-813",Srednja škola,"",ss-zlatar@kr.htnet.hr,02-189-501,Krapinsko-zagorska županija
85,FRANKOPANSKA 30,"",Glina,Srednja škola Glina,Sisačko-moslavačka županija,44400,Marija  Margušić-Novosel,"099/489-6623, 099/583-7685, 099/489-6627",Srednja škola,http://www.ss-glina.skole.hr/,ured@ss-glina.skole.hr,03-025-501,Sisačko-moslavačka županija
86,HRVATSKIH BRANITELJA 14,044/554-428,Hrvatska Kostajnica,Srednja škola Ivana Trnskoga,Sisačko-moslavačka županija,44430,Mirela  Majstorović,"044/554-421, 044/554-427",Srednja škola,	www.ss-itrnskog-hrvatskakostajnica.skole.hr,ured@ss-itrnskog-hrvatskakostajnica.skole.hr,03-039-501,Sisačko-moslavačka županija
87,MATE LOVRAKA 3,"",Kutina,SREDNJA ŠKOLA TINA UJEVIĆA,Sisačko-moslavačka županija,44320,Saša  Sambolek,"044/683-080, 044/683-077",Srednja škola,www.ss-tujevic-kt.skole.hr,ured@ss-tujevica-kt.skole.hr,03-043-501,Sisačko-moslavačka županija
88,HRVATSKIH BRANITELJA 6,044/629259,Kutina,TEHNIČKA ŠKOLA KUTINA,Sisačko-moslavačka županija,44320,Boris  Bertović,"044/629 250, 044/629254, 044/629251, 044/629252, 044/629255",Srednja škola,"",ured@ss-tehnicka-kt.skole.hr,03-043-502,Sisačko-moslavačka županija
89,TINA UJEVIĆA 2/a,044/600-045,Novska,SREDNJA ŠKOLA NOVSKA,Sisačko-moslavačka županija,44330,Nikolina  Fijačko Filipović,044/600-045,Srednja škola,"","nfijackofilipovic@gmail.com, ss-novska@ss-novska.skole.hr",03-054-501,Sisačko-moslavačka županija
90,GUNDULIĆEVA 3,044/812-141,Petrinja,SREDNJA ŠKOLA PETRINJA,Sisačko-moslavačka županija,44250,Milan  Orlić,"044/812-141, 044/814-142",Srednja škola,"","tajnistvo.ss.petrinja@gmail.com, ravnatelj@ss-petrinja.skole.hr",03-066-501,Sisačko-moslavačka županija
91,TRG HRVATSKIH BRANITELJA 1,"",Sisak,GIMNAZIJA SISAK,Sisačko-moslavačka županija,44000,Božidar  Dujmić,0994949742,Srednja škola,"",gimnazija.sisak@skole.hr,03-076-501,Sisačko-moslavačka županija
92,MARIJANA CVETKOVIĆA 2,044/538-962,Sisak,Industrijsko-obrtnička škola Sisak,Sisačko-moslavačka županija,44000,Ivan  Vrbik,"044/537-218, 099 2161279, 044/537-212, 099 2161289",Srednja škola,", http://ss-industrijsko-obrtnicka-sk.skole.hr/",ravnatelj@ss-industrijsko-obrtnicka-sk.skole.hr,03-076-502,Sisačko-moslavačka županija
93,Aleja narodnih heroja 1,044526588,Sisak,Srednja škola Viktorovac,Sisačko-moslavačka županija,44000,Koraljka  Porić,"044533376, 044526581, 044526585, 044526582, 044526584, 044526586",Srednja škola,http://ss-viktorovac-sk.skole.hr/,ured@ss-viktorovac-sk.skole.hr,03-076-503,Sisačko-moslavačka županija
94,Ivana Fistrovića 1B,044/530-608,Sisak,Strukovna škola Sisak,Sisačko-moslavačka županija,44000,Ivica  Beloglavec,"044/530-606, 044/530-608, 044/534 955, 044/534 956, 044/530 607, 044 295 117",Srednja škola,"",ured@ss-strukovna-sk.skole.hr,03-076-505,Sisačko-moslavačka županija
95,MARIJANA CVETKOVIĆA 2,075/801-103,Sisak,Tehnička škola Sisak,Sisačko-moslavačka županija,44000,Davor  Malović,"044/537-219, 044/537-219, 044/537-217, 044/537-335",Srednja škola,"",tehnicka.sisak@ss-tehnicka-sk.skole.hr,03-076-506,Sisačko-moslavačka županija
96,KRALJA TOMISLAVA 19,044/549-799,Sisak,EKONOMSKA ŠKOLA SISAK,Sisačko-moslavačka županija,44000,Marina  Jovanić,"044/549-798, 044/782-7897",Srednja škola,ss-ekonomska-sk.skole.hr,ured@ss-ekonomska-sk.skole.hr,03-076-507,Sisačko-moslavačka županija
97,ŠKOLSKA ULICA 14,044/811-939,Topusko,Srednja škola Topusko,Sisačko-moslavačka županija,44415,Željka  Gajdek,"044/885-104, 044/811-931, 044/811-932, 044/811-933, 044/811-936",Srednja škola,www.ss-topusko.skole.hr,ured@ss-topusko.skole.hr,03-202-501,Sisačko-moslavačka županija
98,Jozefinska cesta 27,047/841-631,Duga Resa,SREDNJA ŠKOLA DUGA RESA,Karlovačka županija,47250,Tanja  Škrak,"047/841-630, 047/841-630, 047/801-666",Srednja škola,"",matica@ss-duga-resa.skole.hr,04-019-501,Karlovačka županija
99,RAKOVAC 4,047/654-130,Karlovac,GIMNAZIJA KARLOVAC,Karlovačka županija,47000,Snježana  Štranjgar,"047/ 654-130, 047/654-132, 047/655-996, 047/654-131",Srednja škola,"","kontakt@gimnazija-karlovac.hr, snjezana.stranjgar@skole.hr",04-034-501,Karlovačka županija
100,STJEPANA MIHALIĆA 43,047/636-688,Karlovac,PRIRODOSLOVNA ŠKOLA KARLOVAC,Karlovačka županija,47000,Nenad  Klasan,"047/600-806, 047/613-002, 047/613-003, 047/600-807, 047/614-085",Srednja škola,http://www.ss-prirodoslovna-ka.skole.hr/,ured@ss-prirodoslovna-ka.skole.hr,04-034-504,Karlovačka županija
101,Frana Kurelca 2,047/614596,Karlovac,EKONOMSKO - TURISTIČKA ŠKOLA,Karlovačka županija,47000,Lidija  Mikšić,"047/614-595, 047/614-596, 04/614-597",Srednja škola,www.ss-ekonomsko-turisticka-ka.skole.hr,ured@ss-ekonomsko-turisticka-ka.skole.hr,04-034-505,Karlovačka županija
102,VATROGASNA CESTA 5,047/611-175,Karlovac,ŠUMARSKA I DRVODJELJSKA ŠKOLA KARLOVAC,Karlovačka županija,47000,Daniel  Peris,"047/609-599, 047/609-591, 047/609-594",Srednja škola,www.ss-sumarskaidrvodjeljska-ka.skole.hr,"info@sumarskaskola.hr, ured@ss-sumarskaidrvodjeljska-ka.skole.hr",04-034-506,Karlovačka županija
103,DOKTORA ANDRIJE ŠTAMPARA 5,047/431-304,Karlovac,MEDICINSKA ŠKOLA,Karlovačka županija,47000,Jasminka  Štajcer,"047/431-371, 047/431-304, 047 431 303, 047 600 808",Srednja škola,www.medicinska-skola-karlovac.hr,medicinska.skola@ka.t-com.hr,04-034-507,Karlovačka županija
104,LJUDEVITA  JONKEA 2a,"",Karlovac,TEHNIČKA ŠKOLA KARLOVAC,Karlovačka županija,47000,Ivan  Janković,"047 615 806, 047 615 805, 047 615 808, 047 615 809, (047) 613 450 ; 654 568",Srednja škola,www.tehnicka-skola-karlovac.hr,"tehnicka-skola-ka@ka.t-com.hr, tajnistvo@ss-tehnicka-ka.skole.hr",04-034-508,Karlovačka županija
105,RADIĆEVA 8 i 10,047/612-137,Karlovac,TRGOVAČKO - UGOSTITELJSKA ŠKOLA,Karlovačka županija,47000,Damir  Pleša,"047/612-136, 047/612-137, 047/612-908, 047/612-907, 047/615-420, 047/616-494, 047/638-811",Srednja škola,www.ss-trgovacko-ugostiteljska-ka.skole.hr/,"tus@ka.ht.hr, uprava@ss-trgovacko-ugostiteljska-ka.skole.hr",04-034-509,Karlovačka županija
106,Struga 33,"",Karlovac,MJEŠOVITA INDUSTRIJSKO - OBRTNIČKA ŠKOLA,Karlovačka županija,47000,Snježana  Erdeljac,"047/600-854, 047/600-858, 047/615578",Srednja škola,http://www.ss-mios-ka.skole.hr,"racunovodstvo@ss-mios-ka.skole.hr, ured@ss-mios-ka.skole.hr",04-034-510,Karlovačka županija
107,Josipa Jurja Strossmayera 2,047/522-162,Ogulin,OBRTNIČKA I TEHNIČKA ŠKOLA OGULIN,Karlovačka županija,47300,Zrinka  Ceranić-Jurković,"047/522-931, 047/522-931",Srednja škola,www.otsog.hr,"otsog@otsog.hr, irena.juricic@skole.hr, ured@ss-obrtnickaitehnicka-ogulin.skole.hr",04-056-501,Karlovačka županija
108,STRUGA 3,"",Ogulin,GIMNAZIJA I STRUKOVNA ŠKOLA BERNARDINA FRANKOPANA,Karlovačka županija,47300,Hrvoje  Magdić,"",Srednja škola,http://www.gimnazija-strukovnabfrankopana-ogulin.skole.hr/,ured@gimnazija-strukovnabfrankopana-ogulin.skole.hr,04-056-503,Karlovačka županija
109,ŠKOLSKA 22,047/811-157,Slunj,SREDNJA ŠKOLA SLUNJ,Karlovačka županija,47240,Diana  Cindrić,"047/811-158, 047/777-503, 047/811-895, 047/811-896",Srednja škola,http://ss-slunj.skole.hr/,ss-slunj@ss-slunj.skole.hr,04-079-501,Karlovačka županija
110,EUGENA KUMIČIĆA 7,"",Ivanec,Srednja škola Ivanec,Varaždinska županija,42240,Lidija  Kozina,"042/782-344 (1), 042/782 344 (3)",Srednja škola,http://ss-ivanec.hr,"info@ss-ivanec.hr, ured@ss-ivanec.skole.hr",05-031-501,Varaždinska županija
111,Petra Preradovića 14,042/320-420,Varaždin,Prva gimnazija Varaždin,Varaždinska županija,42000,Janja  Banić,"042/302-122, 042/302-121, 042/302-124, 302-125",Srednja škola,www.gimnazija-varazdin.hr,ured@gimnazija-varazdin.skole.hr,05-086-501,Varaždinska županija
112,Hallerova aleja 6a,042/330-842,Varaždin,Druga gimnazija Varaždin,Varaždinska županija,42000,Višnja  Horvat,"042/330-844, 042/330-756",Srednja škola,www.gimnazija-druga-vz.skole.hr,"2gimnvz@gmail.com, info@gimnazija-druga-vz.skole.hr",05-086-502,Varaždinska županija
113,Hallerova aleja 5,042/311-626,Varaždin,Elektrostrojarska škola,Varaždinska županija,42000,Igor  Kos,"042/313-455, 042-313-498, 042-492-367, 042-201-120, 042-200-914, 042 492 - 366, 042 492 360, 042-492-370",Srednja škola,http://www.ess.hr/,"ess@vz.t-com.hr, ess.vz@skole.hr",05-086-504,Varaždinska županija
114,Vinka Međerala 11,"",Varaždin,Medicinska škola Varaždin,Varaždinska županija,42000,Mirjana  Grabar Kruljac,"042 492 001, 042 492 002, 042 492 000, 042 492 003, 042 492 007, 042 492 015, 042 492 006",Srednja škola,www.medskvz.org,"mirjana.grabar-kruljac@skole.hr, ured@ss-medicinska-vz.skole.hr",05-086-505,Varaždinska županija
115,"Božene Plazzeriano 4, 42000 Varaždin",042/330-786,Varaždin,Gospodarska škola Varaždin,Varaždinska županija,42000,Jasminka  Kelemen,"042/492-271, 042/492-272",Srednja škola,http://ss-gospodarska-vz.skole.hr/,gospodarska@ss-gospodarska-vz.skole.hr,05-086-506,Varaždinska županija
116,HALLEROVA ALEJA 3/A,042/300-475,Varaždin,STROJARSKA I PROMETNA ŠKOLA,Varaždinska županija,42000,Snježana  Klarić,"042/493-462, 091/2117705, 042/493-460, 091/1211777, 042/210-547;211-777, 042/493-461, 091/2117740",Srednja škola,www.sips.hr,zrinka.cep@skole.hr     sips@sips.hr,05-086-507,Varaždinska županija
117,BOŽENE PLAZZERIANO 4,042/492-250,Varaždin,Srednja strukovna škola,Varaždinska županija,42000,Dražen  Košćak,"042/492-252, 042/492-255, 042/492-255",Srednja škola,https://sss-vz.hr,"sss@sss-vz.hr, strukovna@ss-strukovna-vz.skole.hr",05-086-508,Varaždinska županija
118,HALLEROVA ALEJA 3,042/200-508,Varaždin,"Graditeljska, prirodoslovna i rudarska škola",Varaždinska županija,42000,Vesna  Vrček,"042/313-292, 042/210-507, 042/211-442, 042/301-392, 042/301-391, 042/200-509, 042/200-730, 042/200-733",Srednja škola,www.rudarska.hr,gprs@ss-gprs-vz.skole.hr,05-086-509,Varaždinska županija
119,Frana Supila 22,"",Varaždin,PRVA PRIVATNA GIMNAZIJA S PRAVOM JAVNOSTI VARAŽDIN,Zdenka Peričić,42000,Martina  Pažur,042/200-334,Srednja škola,"","tajnistvo@privatna.net, martina.pazur@skole.hr, ured@gimnazija-prva-privatna-vz.skole.hr",05-086-515,Varaždinska županija
120,Vinička 53,042/722-131,Marčan,"Srednja škola ""Arboretum Opeka""",Varaždinska županija,42207,Dragan  Brkić,"042/722-131, 042/208-440, 042/722-444, 042/722-444",Srednja škola,https://ao-rck.hr/,ured@ss-arboretumopeka-marcan.skole.hr,05-230-501,Varaždinska županija
121,MARUŠEVEC 82,042/729-315,Maruševec,Srednja škola u Maruševcu s pravom javnosti,Kršćanska adventistička crkva u Republici Hrvatskoj,42243,Elizabeta  Skobe Barbir,042/729-315,Srednja škola,www.ss-marusevec.hr,"ss.marusevec.racunovodstvo@gmail.com, ss.marusevec.tajnistvo@gmail.com, ss.marusevec.referada@gmail.com, ssmarusevec@gmail.com, ss.marusevec.pedagoginja@gmail.com, ured@ss-marusevec.skole.hr",05-031-502,Varaždinska županija
122,DR. IVANA KRANJČEVA 5,"",Đurđevac,STRUKOVNA ŠKOLA ĐURĐEVAC,Koprivničko-križevačka županija,48350,Darko  Špoljar,"048/811-419, 048/812-367",Srednja škola,http://ss-strukovna-djurdjevac.skole.hr/,"nevena.bedekovic@skole.hr, darko.spoljar1@skole.hr, 	ured@ss-strukovna-djurdjevac.skole.hr",06-023-502,Koprivničko-križevačka županija
123,Dr. Ivana Kranjčeva 5,"",Đurđevac,GIMNAZIJA DR. IVANA KRANJČEVA ĐURĐEVAC,Koprivničko-križevačka županija,48350,Tomislav  Ostojić,"048/812-021, 048/812-021, 048/812-021",Srednja škola,www.gimnazija-ikranjceva-djurdjevac.skole.hr,"gimnik@gimnazija-ikranjceva-djurdjevac.skole.hr, gimnik@gimnazija-ikranjceva-djurdjevac.skole.hr 	",06-023-503,Koprivničko-križevačka županija
124,DR.ŽELJKA SELINGERA 3A,048/279-817,Koprivnica,"GIMNAZIJA "" FRAN GALOVIĆ"" KOPRIVNICA",Koprivničko-križevačka županija,48000,Vjekoslav  Robotić,"048/621-099, 048/279-801, 048/279-803",Srednja škola,www.gimnazija-fgalovic-koprivnica.skole.hr/,"gimnazija-fran-galovic@kc.t-com.hr, ured@gimnazija-fgalovic-koprivnica.skole.hr",06-037-501,Koprivničko-križevačka županija
125,TRG SLOBODE 7,048/624-245,Koprivnica,OBRTNIČKA ŠKOLA KOPRIVNICA,Koprivničko-križevačka županija,48000,Zlatko  Martić,"048/621-083, 048/621-083, 048/621-083",Srednja škola,"",ured@ss-obrtnicka-koprivnica.skole.hr,06-037-502,Koprivničko-križevačka županija
126,TRG SLOBODE 7,048/623-760,Koprivnica,SREDNJA ŠKOLA KOPRIVNICA,Koprivničko-križevačka županija,48000,Mario  Latin,"048/621-088, 048/623-760",Srednja škola,"","srednja.skola.koprivnica1@kc.t-com.hr, srednja.skola.koprivnica@kc.t-com.hr, ravnatelj@ss-koprivnica.skole.hr",06-037-503,Koprivničko-križevačka županija
127,Milislava Demerca 8,"",Križevci,GIMNAZIJA IVANA ZAKMARDIJA DIJANKOVEČKOGA KRIŽEVCI,Koprivničko-križevačka županija,48260,Ivan  Peklić,"048/682-612, 048/270-155, 048/681-304",Srednja škola,http://www.gimnazija-izdijankoveckoga-kc.skole.hr/,ured@gimnazija-izdijankoveckoga-kc.skole.hr,06-041-501,Koprivničko-križevačka županija
128,Trg svetog Florijana 14.b,048 279 495,Križevci,"SREDNJA ŠKOLA ""IVAN SELJANEC"" KRIŽEVCI",Koprivničko-križevačka županija,48260,Gordana  Juran-Ratković,"048/279-490, 048/279-491",Srednja škola,ss-iseljanec-kc.skole.hr,"vlatko.valencak@skole.hr, gordana.juran-ratkovic@skole.hr, ured@ss-iseljanec-kc.skole.hr",06-041-502,Koprivničko-križevačka županija
129,MILISLAVA DEMERCA 1,048/682-614,Križevci,SREDNJA GOSPODARSKA ŠKOLA KRIŽEVCI,Koprivničko-križevačka županija,48260,Toni  Svoboda,"048/682-614, 048/681-247, 048/270-367",Srednja škola,http:://www.ss-gospodarska-kc.skole.hr,"	ravnatelj@ss-gospodarska-kc.skole.hr, ured@ss-gospodarska-kc.skole.hr",06-041-504,Koprivničko-križevačka županija
130,Matice hrvatske 17,"",Bjelovar,GIMNAZIJA BJELOVAR,Bjelovarsko-bilogorska županija,43000,Tanja  Mamić,"043 241 088, Mob. 091 609 1996, 043 220 945, 043 220 176, 043 221 310, 043 220 175, 043 221 175, 043 241 578",Srednja škola,"",ured@gimnazija-bjelovar.skole.hr,07-004-502,Bjelovarsko-bilogorska županija
131,Poljana dr. Franje Tuđmana 8,"",Bjelovar,MEDICINSKA ŠKOLA BJELOVAR,Bjelovarsko-bilogorska županija,43000,Biljana  Balenović,"043/277-080, 043/242-333, 043/277-083, 043/277-084, 043/277-082",Srednja škola,www.medskolabjelovar.hr,msbj@ss-medicinska-bj.skole.hr,07-004-503,Bjelovarsko-bilogorska županija
132,Poljana dr. Franje Tuđmana 9,043/220-079,Bjelovar,KOMERCIJALNA I TRGOVAČKA ŠKOLA BJELOVAR,Bjelovarsko-bilogorska županija,43000,Nataša  Vibiral,"043/241-920, 043/241-276, 043/220-080, 243-998",Srednja škola,http://www.trgovackaskola-bjelovar.hr,"kts@ss-trgovacka-bj.skole.hr, tajnistvo@ss-trgovacka-bj.skole.hr",07-004-504,Bjelovarsko-bilogorska županija
133,Poljana dr. Franje Tuđmana 9,043 277-028,Bjelovar,EKONOMSKA I BIROTEHNIČKA ŠKOLA BJELOVAR,Bjelovarsko-bilogorska županija,43000,Vladimir  Štefanec,"043/244-029, 043/277-026, 043/277-027, 043/277-028, 043/277-029, 043/277-030",Srednja škola,https://ekonomska-birotehnicka-skola.bj.hr/,ebb-tajnistvo@bj.t-com.hr,07-004-505,Bjelovarsko-bilogorska županija
134,Dr. Ante Starčevića 28 ,043/244-721,Bjelovar,TEHNIČKA ŠKOLA BJELOVAR,Bjelovarsko-bilogorska županija,43000,Dario  Malogorski,"043/244-721, 043/242-139, 043/244-004, 043/244-003",Srednja škola,"http://ss-tehnicka-bj.skole.hr, tsbj.com.hr",tsbj@ss-tehnicka-bj.skole.hr,07-004-506,Bjelovarsko-bilogorska županija
135,Dr. Ante Starčevića 24,043/244-722,Bjelovar,OBRTNIČKA ŠKOLA BJELOVAR,Bjelovarsko-bilogorska županija,43000,Branko  Cvetković,"043/244-722, 043/244-722, 043/244-723",Srednja škola,obs-bj.hr,os@ss-obrtnicka-bj.skole.hr,07-004-507,Bjelovarsko-bilogorska županija
136,Poljana dr. Franje Tuđmana 10,043/244-725,Bjelovar,TURISTIČKO-UGOSTITELJSKA I PREHRAMBENA ŠKOLA BJELOVAR,Bjelovarsko-bilogorska županija,43000,Dalibor  Vukalović,"043/244-725, 043/221-160",Srednja škola,www.tups-bj.hr,ured@ss-ugostiteljskaiprehrambena-bj.skole.hr,07-004-508,Bjelovarsko-bilogorska županija
137,LIVADARSKA 30,"",Čazma,SREDNJA ŠKOLA ČAZMA,Bjelovarsko-bilogorska županija,43240,Irena  Ivanović,"043/771-014, 043/771-939, 043/227-013, 043-227-014, 043220996, 043247726",Srednja škola,www.ss-cazma.skole.hr,"ravnateljica@ss-cazma.skole.hr, ured@ss-cazma.skole.hr",07-011-501,Bjelovarsko-bilogorska županija
138,I.Gundulića 14,"",Daruvar,TEHNIČKA ŠKOLA DARUVAR,Bjelovarsko-bilogorska županija,43500,Sanja  Klubička,"043/331-082, 043/331-082, 043/331-094, 043/335-807, 043 331 030",Srednja škola,http://www.tsd.hr/,"ravnatelj@tsd.hr, knjiznica@tsd.hr, ured@ss-tehnicka-da.skole.hr",07-012-501,Bjelovarsko-bilogorska županija
139,IVANA GUNDULIĆA 14,"",Daruvar,GIMNAZIJA DARUVAR,Bjelovarsko-bilogorska županija,43500,Romana  Herout,"043/331-982, 043/335-318",Srednja škola,"","romana.bakaric@skole.hr, ured@gimnazija-daruvar.skole.hr",07-012-502,Bjelovarsko-bilogorska županija
140,IVANA GUNDULIĆA 14,043/331-178,Daruvar,EKONOMSKA I TURISTIČKA ŠKOLA DARUVAR,Bjelovarsko-bilogorska županija,43500,Dinka  Kavalir,"043/335-841, 043/331-079, 043/331-178, 043/333-360",Srednja škola,http://ss-ekonomskaituristicka-da.skole.hr,"etsda@etsda.hr, etsda@ss-ekonomskaituristicka-da.skole.hr;",07-012-503,Bjelovarsko-bilogorska županija
141,KOLODVORSKA 6,043/531-157,Garešnica,"SREDNJA ŠKOLA ""AUGUST ŠENOA"" GAREŠNICA",Bjelovarsko-bilogorska županija,43280,Robert  Kelečić,"043/445-480, 043/445-483, 043/445-484, 043/ 445-482, 043/ 445-481",Srednja škola,"",ssasenoa@ss-asenoa-garesnica.skole.hr,07-024-501,Bjelovarsko-bilogorska županija
142,Bartola Kašića 1,043/485-126,Grubišno Polje,SREDNJA ŠKOLA BARTOLA KAŠIĆA GRUBIŠNO POLJE,Bjelovarsko-bilogorska županija,43290,Branka  Bakić,"043/485-040, 043/485-040, 043/448-038",Srednja škola,ss-bkasica-grubisnopolje.skole.hr,ured@ss-bkasica-grubisnopolje.skole.hr,07-028-501,Bjelovarsko-bilogorska županija
143,ZIDARSKA 4,051/781-044,Crikvenica,Srednja škola dr. Antuna Barca Crikvenica,Primorsko-goranska županija,51260,Ana  Tomić Njegovan,"051/241-202, 051/784-211, 051/784-212, 051/445-128, 051/445-129, 051/502-525",Srednja škola,www.ss-abarca-crikvenica.skole.hr,ured@ss-abarca-crikvenica.skole.hr,08-008-501,Primorsko-goranska županija
144,Narodnog oslobođenja 5,051/821-034,Čabar,Srednja škola Vladimir Nazor,Primorsko-goranska županija,51306,Kristijan  Rajšel,"051/821-017, 051/821-671",Srednja škola,www.ss-vnazor-cabar.skole.hr,ured@ss-vnazor-cabar.skole.hr,08-009-501,Primorsko-goranska županija
145,LUJZINSKA CESTA 42,051/812203,Delnice,SREDNJA ŠKOLA DELNICE,Primorsko-goranska županija,51300,Slađana  Srkoč,"051/812203, 051/812047, 051/811009",Srednja škola,ss-delnice.skole.hr,ured@ss-delnice.skole.hr,08-013-501,Primorsko-goranska županija
146,Vinogradska 3,"",Krk,Srednja škola Hrvatski kralj Zvonimir,Primorsko-goranska županija,51500,Gordija  Marijan,"051/221-400, 051/221-420",Srednja škola,http://ss-hrvatskikraljzvonimir-krk.skole.hr/,"racunovodstvo@ss-hrvatskikraljzvonimir-krk.skole.hr, gordija.marijan@skole.hr, srednja-skola-krk@ri.t-com.hr",08-042-501,Primorsko-goranska županija
147,EUGENA KUMIČIĆA 14,051 711 154,Opatija,UGOSTITELJSKA ŠKOLA OPATIJA,Primorsko-goranska županija,51410,Sibila  Roth,"051 718 520, 051 603 140, 051 561 390",Srednja škola,http://ss-ugostiteljska-opatija.skole.hr,tajnistvo@ugostiteljskaskolaopatija.hr,08-058-501,Primorsko-goranska županija
148,Drage Gervaisa 2,051/271-966,Opatija,Gimnazija Eugena Kumičića Opatija,Primorsko-goranska županija,51410,Boris  Barbarić,"051/271-966, 051/272-602",Srednja škola,"","gek.opatija@gimnazija-ekumicica-opatija.skole.hr, ured@gimnazija-ekumicica-opatija.skole.hr",08-058-502,Primorsko-goranska županija
149,BOŽE MILANOVIĆA 3,051/271-543,Opatija,OBRTNIČKA ŠKOLA,Primorsko-goranska županija,51410,Loredana  Grdinić,"051/494816, 051/494813, 051/494812, 051/494815, 051/494811, 051/494814",Srednja škola,"",ured@ss-obrtnicka-opatija.skole.hr,08-058-503,Primorsko-goranska županija
150,Drage Gervaisa 2,+385 (51) 71 15 95,Opatija,HOTELIJERSKO - TURISTIČKA ŠKOLA,Primorsko-goranska županija,51410,Ksenija  Beljan,"+385 (51) 27 15 95, +385 (51) 60 32 16, +385 (51) 71 88 59",Srednja škola,http://ss-hotelijersko-turisticka-opatija.skole.hr/,hts@ss-hotelijersko-turisticka-opatija.skole.hr,08-058-504,Primorsko-goranska županija
151,BANJOL 11,"",Rab,Srednja škola Markantuna de Dominisa Rab,Primorsko-goranska županija,51280,Damir  Paparić,"051 339 638, 051 724 179, 051 725 954, 051 339 636, 051 724 179, 051 724 941",Srednja škola,www.ss-mddominisa-rab.skole.hr,"damir.paparic@skole.hr, srednjaskola-rab@inet.hr, margarita.cutul@skole.hr, tajnistvo@ss-rab-mddominisa-rab.skole.hr, zoran.antunovic1@skole.hr",08-070-501,Primorsko-goranska županija
152,JOŽE VLAHOVIĆA 10,051/648-781,Rijeka,Strojarska škola za industrijska i obrtnička zanimanja,Primorsko-goranska županija,51000,Gojko  Miletić,"051/343-145, 051/343-132, 051/301-001, 051/645-941, 051/343-333, 051/688-575",Srednja škola,http://www.ss-strojarskazaiiozanimanja-ri.skole.hr,ured@ss-strojarskazaiiozanimanja-ri.skole.hr,08-071-501,Primorsko-goranska županija
153,ERAZMA BARČIĆA 6,051/330-210,Rijeka,SREDNJA TALIJANSKA ŠKOLA - RIJEKA SCUOLA MEDIA SUPERIORE ITALIANA - FIUME,Primorsko-goranska županija,51000,Michele  Scalembra,"051/213-804, 051/330-210",Srednja škola,"",sts-smsi@email.t-com.hr,08-071-502,Primorsko-goranska županija
154,STANE VONČINE 1A,051/351-077,Rijeka,Škola za trgovinu i modni dizajn Rijeka,Primorsko-goranska županija,51000,Antonija  Bukša,"051/351-072, 051/351-071, 051/351-074, 051/351-075, 051/351-073, 051/351-076",Srednja škola,"","skola-tmod@ss-tmd-ri.skole.hr, trgovacka-i-tekstilna-skola@ri.t-com.hr",08-071-503,Primorsko-goranska županija
155,ZVONIMIROVA 12,051/678-920,Rijeka,Srednja škola za elektrotehniku i računalstvo,Primorsko-goranska županija,51000,Mladen  Stojić,"051/678-910, 051/678-912, 051/678-911, 051/678-913",Srednja škola,www.sser.hr,"sser@sser.com.hr, ured@ss-elektrotehnicka-ri.skole.hr",08-071-504,Primorsko-goranska županija
156,IVANA FILIPOVIĆA 2,051/214-457,Rijeka,EKONOMSKA ŠKOLA MIJE MIRKOVIĆA RIJEKA,Primorsko-goranska županija,51000,Nataša  Jokić Nastasić,"051/213-890, 214-457, 051/211-411",Srednja škola,https://esmm-ri.hr/,"esmm@esmm-ri.hr, ekmm@ss-ekonomska-mmirkovica-ri.skole.hr",08-071-505,Primorsko-goranska županija
157,Frana Kurelca 1,051/214-538,Rijeka,PRVA RIJEČKA HRVATSKA GIMNAZIJA,Primorsko-goranska županija,51000,Jane  Sclaunich,"051/339115, 051/339115, 051/ 215-596, 051/339-115",Srednja škola,www.prhg.hr,1.rihrgim@prhg.hr,08-071-506,Primorsko-goranska županija
158,VUKOVARSKA 58,"",Rijeka,PRIRODOSLOVNA I GRAFIČKA ŠKOLA RIJEKA,Primorsko-goranska županija,51000,Radenko  Bradić,"051/675 740, 051/675 740, 051/675 738, 051/675 732, 099/6041510, 099/2680668",Srednja škola,www.pgsri.hr,"ured@ss-prirodoslovna-graficka-ri.skole.hr, pgsri@hi.t-com.hr",08-071-507,Primorsko-goranska županija
159,PODHUMSKIH ŽRTAVA 4,051/371-075,Rijeka,Građevinska tehnička škola,Primorsko-goranska županija,51000,Boris  Petrović,"051/373-031, 051/561-090, 051/372-005, 051/561-091, 051/372-020",Srednja škola,http://www.ss-gradjevinska-tehnicka-ri.skole.hr/,"gts@ss-gradjevinska-tehnicka-ri.skole.hr, gts@ss-gradjevinska-tehnicka-ri.skole.hr",08-071-508,Primorsko-goranska županija
160,GAJEVA 1,"",Rijeka,PRVA SUŠAČKA HRVATSKA GIMNAZIJA U RIJECI,Primorsko-goranska županija,51000,Dina  Linić - Učur,"051/217-724, 051/217-770",Srednja škola,http://www.pshg.net/,pshg@gimnazija-prva-susacka-ri.skole.hr,08-071-509,Primorsko-goranska županija
161,FRANA KURELCA 1,"051/338-195,213-747",Rijeka,GIMNAZIJA ANDRIJE MOHOROVIČIĆA RIJEKA,Primorsko-goranska županija,51000,Henry  Ponte,"051/338-195, 051/338-195,214-539",Srednja škola,www.gam.hr,"gim.moho@ri.t-com.hr, ured@gam.hr, ured@gimnazija-amohorovicica-ri.skole.hr",08-071-511,Primorsko-goranska županija
162,Jože Vlahovića 10,"",Rijeka,Drvodjeljska i strojarska škola Rijeka,Primorsko-goranska županija,51000,Alen  Panić,"051/675-834, 051/675-834",Srednja škola,https://sbs-ioz.hr/,"racunov@ss-drvodjeljskaistrojarska-ri.skole.hr, tajnistvo@ss-drvodjeljskaistrojarska-ri.skole.hr 	",08-071-512,Primorsko-goranska županija
163,VUKOVARSKA 58,"",Rijeka,"Tehnička škola, Rijeka",Primorsko-goranska županija,51000,Igor  Majkić,051/675-746,Srednja škola,http://www.ss-tehnicka-ri.skole.hr/,ts@ss-tehnicka-ri.skole.hr,08-071-513,Primorsko-goranska županija
164,Zvonimirova 12,"",Rijeka,Elektroindustrijska i obrtnička škola Rijeka,Primorsko-goranska županija,51000,Boris  Caput,"051/678-931, 051 678 935, 051/678-930;    678-936;   678-938",Srednja škola,www.eios.hr,"eios@eios.hr, eios@ss-elektroindustrijska-obrtnicka-ri.skole.hr",08-071-514,Primorsko-goranska županija
165,PODHUMSKIH ŽRTAVA 4,051/372-032,Rijeka,GRADITELJSKA ŠKOLA ZA INDUSTRIJU I OBRT,Primorsko-goranska županija,51000,Damir  Milišić,"051/372-011, 051/372-032, 051/372-032, 051/371-061, 051/371-626",Srednja škola,www.ss-graditeljska-industrijaiobrt-ri.skole.hr,ured@ss-graditeljska-industrijaiobrt-ri.skole.hr,08-071-515,Primorsko-goranska županija
166,Braće Branchetta 11a,051/563-817,Rijeka,MEDICINSKA ŠKOLA U RIJECI,Primorsko-goranska županija,51000,Alen  Vukelić,"051/217-596, 051/217-712               091/165 1762, 051/217-022",Srednja škola,http://www.ss-medicinska-ri.skole.hr,med-skola-rijeka@ri.t-com.hr  alen.vukelic1@skole.hr,08-071-516,Primorsko-goranska županija
167,JOŽE VLAHOVIĆA 10,"",Rijeka,PROMETNA ŠKOLA,Primorsko-goranska županija,51000,,"095 316 2708, 095 318 0234",Srednja škola,https://prometna-skola-rijeka.hr/,"ravnateljica.prometna@gmail.com, tajnistvo.prometna@gmail.com, racunovodstvo.prometna@gmail.com, prometna.ri@gmail.com, ured@ss-prometna-ri.skole.hr",08-071-517,Primorsko-goranska županija
168,VUKOVARSKA 62,051/672-204,Rijeka,SALEZIJANSKA KLASIČNA GIMNAZIJA - s pravom javnosti,Hrvatska salezijanska provincija,51000,Danijel  Dragičević,"051/672-986, 051-563-650",Srednja škola,www.gimnazija-klasicna-salezijanska-ri.skole.hr,"skg.rijeka@gmail.com, marijana.basic1@skole.hr",08-071-522,Primorsko-goranska županija
169,ŠETALIŠTE XIII. DIVIZIJE 75,051/400-273,Rijeka,Škola za primijenjenu umjetnost u Rijeci,Primorsko-goranska županija,51000,Damir  Šegota,"051/431-545,  423-943, 051/400-272","Srednja škola, Umjetnička škola","","spur.rijeka@gmail.com, ured@ss-primijenjenaumjetnost-ri.skole.hr",08-071-524,Primorsko-goranska županija
170,Dolac 1,051/436-502,Rijeka,SREDNJA ŠKOLA ANDRIJE LJUDEVITA ADAMIĆA,Denis Khermayer,51000,Denis  Khermayer,051/436-502,Srednja škola,www.ss-adamic.com,skola@ss-adamic.com,08-071-528,Primorsko-goranska županija
171,ŠKOLSKA 2A,051/877-523,Moravice,Željeznička tehnička škola Moravice,Primorsko-goranska županija,51325,Borivoj  Dokmanović,"051/877-118, 051/877-118, 051877138",Srednja škola,http://www.zts-moravice.hr,"zts.racunovodstvo@gmail.com, zts.tajnik@gmail.com, zts.ravnatelj@gmail.com, zts@zts-moravice.hr",08-095-501,Primorsko-goranska županija
172,NAUTIČKA 14,"",Bakar,POMORSKA ŠKOLA,Primorsko-goranska županija,51222,Igor  Kegalj,051/761-211,Srednja škola,www.pomorskabakar.hr,"info@ss-pomorska-bakar.skole.hr, upisi@ss-pomorska-bakar.skole.hr",08-275-501,Primorsko-goranska županija
173,OMLADINSKA 12,051/231-821,Mali Lošinj,SREDNJA ŠKOLA AMBROZA HARAČIĆA,Primorsko-goranska županija,51550,Jelena  Bralić,"051/231-101, 051/231-821, 051/233-387, 051/232-049",Srednja škola,"",tajnistvo@ss-aharacica-malilosinj.skole.hr,08-292-501,Primorsko-goranska županija
174,BUDAČKA 24,053/572-083,Gospić,STRUKOVNA ŠKOLA GOSPIĆ,Ličko-senjska županija,53000,Barbara  Tomljenović Jurković,"053/572-083, 053/573-287, 053/572-677, 573-236",Srednja škola,"",ured@ss-strukovna-gospic.skole.hr,09-026-503,Ličko-senjska županija
175,BUDAČKA 24,053-573-288,Gospić,GIMNAZIJA GOSPIĆ,Ličko-senjska županija,53000,Josip  Štampar,(053) 560-232,Srednja škola,www.gimnazija-gospic.skole.hr,ured@gimnazija-gospic.skole.hr,09-026-504,Ličko-senjska županija
176,ĆIRILA I METODA 2,053/771-133,Otočac,SREDNJA ŠKOLA OTOČAC,Ličko-senjska županija,53220,Adela  Rukavina,"053/771-133, 053/771-134, 053/773-315, 053/771-209, 053/617-727, 053-746-056, 053-746-055, 053-617-711, 053-771-335",Srednja škola,"",ured@ss-otocac.skole.hr,09-061-501,Ličko-senjska županija
177,VJENCESLAVA NOVAKA 2,053/881-680,Senj,SREDNJA ŠKOLA PAVLA RITTERA VITEZOVIĆA U SENJU,Ličko-senjska županija,53270,Danijela  Vukelić,"053/881-011, 053/881-680",Srednja škola,http://ss-prvitezovica-senj.skole.hr/,"srednja.skola.p.r.vitezovica@gs.t-com.hr, ured@ss-prvitezovica-senj.skole.hr",09-074-501,Ličko-senjska županija
178,Zagrebačka 2,018000599,Korenica,Srednja škola Plitvička jezera,Ličko-senjska županija,53230,Željka  Brozović,"018000599, 018000599, 018000599",Srednja škola,www.ss-plitvickajezera.hr,"ucenickidom@ss-plitvickajezera.skole.hr, josipa.pavlovic8@skole.hr, admin@ss-plitvickajezera.skole.hr, ured@ss-plitvickajezera.skole.hr",09-455-501,Ličko-senjska županija
179,Trg Tina Ujevića 1,033/400-248,Orahovica,"SREDNJA ŠKOLA ""STJEPAN IVŠIĆ""",Virovitičko-podravska županija,33515,Davor  Jeger,"033/673-482, 033/400-249, 033/400-248",Srednja škola,http://ss-sivsic-orahovica.skole.hr/,ravnatelj@ss-sivsic-orahovica.skole.hr,10-059-501,Virovitičko-podravska županija
180,TRG BANA J. JELAČIĆA 16,"",Virovitica,GIMNAZIJA PETRA PRERADOVIĆA VIROVITICA,Virovitičko-podravska županija,33000,Kristijan  Gostimir,"033/722-711, 033/722-711",Srednja škola,www.gimnazija-ppreradovica-vt.skole.hr,"gimnazija-petar-preradovic1@vt.t-com.hr, ured@gimnazija-ppreradovica-vt.skole.hr",10-089-501,Virovitičko-podravska županija
181,ZBORA NARODNE GARDE 29,033/725-274,Virovitica,TEHNIČKA ŠKOLA VIROVITICA,Virovitičko-podravska županija,33000,Dino  Davidović,"033/800-957, 033/725-777",Srednja škola,"",ured@ss-tehnicka-vt.skole.hr,10-089-502,Virovitičko-podravska županija
182,Zbora narodne garde 29,033/721-283,Virovitica,INDUSTRIJSKO-OBRTNIČKA ŠKOLA VIROVITICA,Virovitičko-podravska županija,33000,Goran  Horvat,"033/800-233, 033/722-791, 033/800-234, 033/722-792",Srednja škola,www.ss-industrijskoobrtnicka-vt.skole.hr,"ios.ravnatelj@ss-industrijskoobrtnicka-vt.skole.hr, ios.vtc@ss-industrijskoobrtnicka-vt.skole.hr",10-089-503,Virovitičko-podravska županija
183,Vukovarska cesta 1,"",Virovitica,STRUKOVNA ŠKOLA VIROVITICA,Virovitičko-podravska županija,33000,Pavica  Biondić-Ivanković,"033/722-939, 033/800-919",Srednja škola,www.ssv.hr,"info@ssv.hr, ured@ss-strukovna-vt.skole.hr",10-089-504,Virovitičko-podravska županija
184,Dravska 41,033/801-434,Pitomača,Srednja Škola Stjepana Sulimanca,Virovitičko-podravska županija,33405,Marko  Marić,"033/782-442, 033/801-571, 09 11 77 55 00, 09 11 77 55 01, 09 11 77 55 02, 09 11 77 55 03",Srednja škola,http://www.ss-stjepana-sulimanca.skole.hr,"ravnatelj@ss-stjepana-sulimanca.skole.hr, tajnistvo@ss-stjepana-sulimanca.skole.hr, racunovodstvo@ss-stjepana-sulimanca.skole.hr, psiholog@ss-stjepana-sulimanca.skole.hr, ured@ss-stjepana-sulimanca.skole.hr",10-317-501,Virovitičko-podravska županija
185,Bolnička 59,034/440-008,Pakrac,Srednja škola Pakrac,Požeško-slavonska županija,34550,Dario  Čilić,"034/411-046, 034/440-001, 034/440-003",Srednja škola,http://www.sspakrac.hr,"ravnatelj@ss-pakrac.skole.hr, vsmjene@ss-pakrac.skole.hr",11-064-501,Požeško-slavonska županija
186,Dr.Franje Tuđmana 4/a,"",Požega,Gimnazija,Požeško-slavonska županija,34000,Anita  Katić,"034/316-751, 034/316-750, 034/316-750",Srednja škola,www.gimpoz.hr,"tajnistvo@gimpoz.hr, ravnatelj@gimpoz.hr, tajnistvo@gimpoz.hr",11-077-501,Požeško-slavonska županija
187,OSJEČKA 33,"034/273-717, 271-293",Požega,"Ekonomska škola, Požega",Požeško-slavonska županija,34000,Marinka  Parac,"034/273-717, 034/271-293",Srednja škola,http://ekonomska-pozega.hr/,ured@ss-ekonomska-pozega.skole.hr,11-077-502,Požeško-slavonska županija
188,RATARNIČKA  3,034/271-754,Požega,POLJOPRIVREDNO-PREHRAMBENA ŠKOLA,Požeško-slavonska županija,34000,Marija  Mršo Rajić,"034/274-324, 034/274-324",Srednja škola,ss-poljoprivrednoprehrambena-pozega.skole.hr,ured@ss-poljoprivrednoprehrambena-pozega.skole.hr,11-077-503,Požeško-slavonska županija
189,RATARNIČKA 1,034/273-207,Požega,TEHNIČKA ŠKOLA,Požeško-slavonska županija,34000,Zoran  Galić,"034/271-379, 034/273-207",Srednja škola,"","tehnicka-skola-pozega@po.t-com.hr, ured@ss-tehnicka-pozega.skole.hr",11-077-504,Požeško-slavonska županija
190,OSJEČKA 33,"034/273-992, 034/271-140",Požega,OBRTNIČKA ŠKOLA,Požeško-slavonska županija,34000,Iva  Šnajder,"034/273-292, 272-992, 034/271-140",Srednja škola,http://www.obrtnicka-skola-pozega.hr/,"obrtnicka.skola@po.t-com.hr, ured@ss-obrtnicka-pozega.skole.hr",11-077-505,Požeško-slavonska županija
191,TRG KRALJA TOMISLAVA 9,"",Nova Gradiška,GIMNAZIJA NOVA GRADIŠKA,Brodsko-posavska županija,35400,Ljiljana  Ptačnik,035/361-427,Srednja škola,"",ured@gimnazija-nova-gradiska.skole.hr,12-051-501,Brodsko-posavska županija
192,Ljudevita  Gaja  22,035/362-696,Nova Gradiška,INDUSTRIJSKO OBRTNIČKA ŠKOLA,Brodsko-posavska županija,35400,Mirela  Brlić -Trnka,"035/362-696, 035/362-695, 035/362-777",Srednja škola,www.iosng.hr,skola@iosng.hr,12-051-502,Brodsko-posavska županija
193,LJudevita Gaja 24,035/362-145,Nova Gradiška,Elektrotehnička i Ekonomska škola,Brodsko-posavska županija,35400,Sanja  Müller-Zoričić,"035/362-145, 035/362-145, 035/362-575",Srednja škola,www.ees.hr,etes@ss-elektrotehnickaiekonomska-ngradiska.skole.hr,12-051-503,Brodsko-posavska županija
194,IVANA CANKARA 76,035/402-981,Slavonski Brod,SREDNJA ŠKOLA MATIJE ANTUNA RELJKOVIĆA SLAVONSKI BROD,Brodsko-posavska županija,35000,Marija  Tomić,"035/255-697, 035/255-697, 035/415-386, 035/416-137",Srednja škola,http://www.ssmar.hr/,"srednja-skola-mar@sb.t-com.hr, ured@ss-mareljkovica-sb.skole.hr",12-078-501,Brodsko-posavska županija
195,NAZOROVA 9,035/407-420,Slavonski Brod,OBRTNIČKO-TEHNIČKA ŠKOLA,Brodsko-posavska županija,35000,Anita  Holub,"035/447-326, 035/447-326, 035/407-421, 035/442-328",Srednja škola,"",ured@ss-obrtnicko-tehnicka-sb.skole.hr,12-078-502,Brodsko-posavska županija
196,SLAVONIJA I br. 8,035/402-880,Slavonski Brod,GIMNAZIJA MATIJA MESIĆ,Brodsko-posavska županija,35000,Lucija  Brnić,"035/ 446-251, 035/408-410",Srednja škola,http://www.gimnazija-mmesic-sb.skole.hr,gmm@gimnazija-mmesic-sb.skole.hr,12-078-503,Brodsko-posavska županija
197,Eugena Kumičića 55,035/410-544,Slavonski Brod,INDUSTRIJSKO-OBRTNIČKA ŠKOLA,Brodsko-posavska županija,35000,Luka  Mladinović,"035/410-542, 035/410-542, 035/402-560, 035/402-561, 035/492-670, 035/492-673, 035/492-671, 035/492-672, 035/493-471, 035/492-674, 035/492-675, 035/492-676, 035/492-677, 035/408-960",Srednja škola,"",industrijskoobrtnickaskola@optinet.hr,12-078-504,Brodsko-posavska županija
198,EUGENA KUMIČIĆA 55,035/446-160,Slavonski Brod,"TEHNIČKA ŠKOLA, SLAVONSKI BROD",Brodsko-posavska županija,35000,Vikica  Lukić,"035/411-478, 035/492-067, 035/492-062, 035/492-063, 035/492-061, 035/492-064",Srednja škola,http://tssb.hr/,"tssb@tssb.hr, tehnicka_skola_sb@optinet.hr, ured@ss-tehnicka-slavonski-brod.skole.hr",12-078-505,Brodsko-posavska županija
199,Naselje Andrija Hebrang 13/1,035/442-326,Slavonski Brod,EKONOMSKO-BIROTEHNIČKA ŠKOLA,Brodsko-posavska županija,35000,Mato  Čaklovac,"035/443-175, 035/443-175, 035/442-326",Srednja škola,"",skola@ss-ekonomsko-birotehnicka-sb.skole.hr,12-078-506,Brodsko-posavska županija
200,VATROSLAVA JAGIĆA 3A,"",Slavonski Brod,SREDNJA MEDICINSKA ŠKOLA,Brodsko-posavska županija,35000,Jelena  Jelinić-Bošnjak,"035/442-492, 035/411-402, 035/400-060",Srednja škola,"","jelena.jelinic-bosnjak@skole.hr, sms@ss-medicinska-sb.skole.hr",12-078-507,Brodsko-posavska županija
201,Vukovarska 1/a,"",Slavonski Brod,Klasična gimnazija fra Marijana Lanosovića s pravom javnosti,Hrvatska franjevačka provincija Sv. Ćirila i Metoda,35000,Ivan  Crnković,"035/443-821, 035/409-422, 035/415-152, 035/440069, 035/440-069",Srednja škola,http://gimnazija-framarijanalanosovica.hr,"pedagog@gimnazija-framarijanalanosovica.hr, ravnatelj@gimnazija-framarijanalanosovica.hr",12-078-508,Brodsko-posavska županija
202,ANTUNA MIHANOVIĆA 19,023/681-606,Benkovac,"SREDNJA ŠKOLA KNEZA BRANIMIRA, BENKOVAC",Zadarska županija,23420,Maja  Brkljača,"023/681-606, 023/681-402, 0916223345",Srednja škola,www.ssknezbranimir.hr,"ured@ssknezbranimir.hr, admin@ss-knezabranimira-benkovac.skole.hr",13-002-501,Zadarska županija
203,Augusta Šenoe 29,023/386-760,Biograd na Moru,SREDNJA ŠKOLA BIOGRAD NA MORU,Zadarska županija,23210,,"023/383-278, 023/385-114",Srednja škola,http://www.ss-biogradnamoru.skole.hr/,ssbnm@ss-biogradnamoru.skole.hr,13-003-501,Zadarska županija
204,ŠKOLSKA ULICA 8,023/773-870,Gračac,SREDNJA ŠKOLA GRAČAC,Zadarska županija,23440,Ivana  Jelinčić Lasić,"023/773-870, 023/775 035",Srednja škola,http://www.ss-gracac.skole.hr/,ss-gracac@ss-gracac.skole.hr,13-027-527,Zadarska županija
205,Obala hrvatskog časnika Senada Župana 17,023/689-058,Obrovac,SREDNJA ŠKOLA OBROVAC,Zadarska županija,23450,Jurica  Ćurko,"023/689-058, 023/689-406, 023/689-515",Srednja škola,"",ured@ss-obrovac.skole.hr,13-055-501,Zadarska županija
206,ANTE STARČEVIĆA 9,023/600-270,Pag,SREDNJA ŠKOLA BARTULA KAŠIĆA,Zadarska županija,23250,Marija  Pećirko,"023/611-720, 023/611-720",Srednja škola,http://www.ss-bkasica-pag.skole.hr,ured@ss-bkasica-pag.skole.hr,13-063-501,Zadarska županija
207,OBALA KNEZA TRPIMIRA 26,023/331-015,Zadar,GIMNAZIJA FRANJE PETRIĆA ZADAR,Zadarska županija,23000,Blanka  Pedišić,"023/331-015, 023 335215",Srednja škola,http://www.zd-mioc.hr,ured@gimnazija-fpetrica-zd.skole.hr,13-107-501,Zadarska županija
208,Perivoj Vladimira Nazora 3/II,023/315-311,Zadar,GIMNAZIJA VLADIMIRA NAZORA,Zadarska županija,23000,Sandra  Šango,"023/315-311, 023/317-064",Srednja škola,http://gimnazija-vnazora-zd.skole.hr/,"gimnazija-vn@zd.t-com.hr, ured@gimnazija-vnazora-zd.skole.hr",13-107-502,Zadarska županija
209,Perivoj Vladimira Nazora  br. 3,023/301-774,Zadar,Gimnazija Jurja Barakovića,Zadarska županija,23000,Jelena  Marasović Štefančić,"023/317-051, 023/300-125, 023/300-129, 023/300-130",Srednja škola,"",gjb@gjb.hr,13-107-503,Zadarska županija
210,Jerolima Vidulića 2,023/253-810,Zadar,KLASIČNA GIMNAZIJA IVANA PAVLA II. S PRAVOM JAVNOSTI,Zadarska nadbiskupija,23000,Ante  Dražina,"023/253-800, 023/253-801, 023/253-802",Srednja škola,http://www.gimnazija-ivanapavla.hr,"klasicna@zd.t-com.hr, ured@gimnazija-klasicna-ivanpavaodrugi-zd.skole.hr",13-107-504,Zadarska županija
211,ANTE KUZMANIĆA 1,023/316-510,Zadar,POMORSKA ŠKOLA ZADAR,Zadarska županija,23000,Marin  Perinić,023/315-600,Srednja škola,www.pomskzd.hr,"skola@pomskzd.hr, pomorskazd@ss-pomorska-zd.skole.hr",13-107-506,Zadarska županija
212,Dr. Franje Tuđmana 24 G,023/318-797,Zadar,MEDICINSKA ŠKOLA ANTE KUZMANIĆA-ZADAR,Zadarska županija,23000,Anita  Basioli,"023/213-750, 023 214 860",Srednja škola,http://www.medskolazd.hr,ured@ss-medicinska-akuzmanic-zd.skole.hr,13-107-509,Zadarska županija
213,IVANA MAŽURANIĆA 32,023/236-228,Zadar,OBRTNIČKA ŠKOLA GOJKA MATULINE ZADAR,Zadarska županija,23000,Silvana  Ujdur Bilan,"023/236-319, 023/236-228",Srednja škola,"","obrtskolgm-zd@obrtskolgm.hr, ured@ss-gojkamatuline-zd.skole.hr",13-107-511,Zadarska županija
214,Nikole Tesle 9 C,023/239-494,Zadar,TEHNIČKA ŠKOLA,Zadarska županija,23000,Denis  Prusac,"023/239-480, 023/239-481, 023/239-482, 239-483, 239-484, 239-490",Srednja škola,http://ss-tehnicka-zd.skole.hr/,ured@ss-tehnicka-zd.skole.hr,13-107-512,Zadarska županija
215,NIKOLE TESLE 9C,023/239-472,Zadar,Strukovna škola Vice Vlatkovića,Zadarska županija,23000,Tihomir  Tomčić,"023/239-460; 095/8083900, 023/239-461;099/2207646, 023/239-462, 239-463, 239-475",Srednja škola,www.ssvv.hr,ured.ss-strukovna-vvlatkovica-zd@skole.hr,13-107-513,Zadarska županija
216,PERIVOJ VLADIMIRA NAZORA 3,"",Zadar,Prirodoslovno - grafička škola,Zadarska županija,23000,Anamarija  Ivković,"023/213-746, 023/224 028, 023/627 626",Srednja škola,"",ured@pgszd.hr,13-107-514,Zadarska županija
217,Dr.F.Tuđmana 24/H,023/316-044,Zadar,"Poljoprivredna, prehrambena i veterinarska škola Stanka Ožanića",Zadarska županija,23000,Jelena  Gulan,"023/315-668, 023/316-044",Srednja škola,"","skola@ppvs-ozanic.hr, ppvs-ozanic@skole.hr",13-107-515,Zadarska županija
218,PERIVOJ VLADIMIRA NAZORA 3/III,"",Zadar,ŠKOLA PRIMIJENJENE UMJETNOSTI I DIZAJNA,Zadarska županija,23000,Marjana  Bakmaz,023/212-228,"Srednja škola, Umjetnička škola","",spud.zd@skole.hr,13-107-516,Zadarska županija
219,ANTUNA GUSTAVA MATOŠA 40,"023/331-221, 331-022",Zadar,EKONOMSKO-BIROTEHNIČKA I TRGOVAČKA ŠKOLA,Zadarska županija,23000,Zdenka  Sršen-Juričević,"023/331-022, 023/337-420, 023/337-426",Srednja škola,www.ebt-zadar.hr,ekonomska@ebt-zadar.hr,13-107-518,Zadarska županija
220,ANTUNA GUSTAVA MATOŠA 40,"",Zadar,HOTELIJERSKO-TURISTIČKA I UGOSTITELJSKA ŠKOLA,Zadarska županija,23000,Diana  Radić Škara,"023/335-295, 023/331-918, 023/333-173",Srednja škola,www.htus.hr,"htus@htus.htnet.hr, htus.zadar@skole.hr",13-107-519,Zadarska županija
221,ŠKOLSKA 3,031/701-454,Beli Manastir,GIMNAZIJA BELI MANASTIR,Osječko-baranjska županija,31300,Suzana  Periša,"031/703-380, 031/701-828, 031/705 050",Srednja škola,"",ured@gimnazija-beli-manastir.skole.hr,14-001-501,Osječko-baranjska županija
222,ŠKOLSKA 3,031/702-655,Beli Manastir,PRVA SREDNJA ŠKOLA BELI MANASTIR,Osječko-baranjska županija,31300,Marko  Ilijašev,"031/700-032, 099 2345600",Srednja škola,"","ravnatelj@ss-prva-bm.skole.hr, ured@ss-prva-bm.skole.hr",14-001-502,Osječko-baranjska županija
223,ŠKOLSKA 3,"031 705 206, 031 705 207",Beli Manastir,DRUGA SREDNJA ŠKOLA BELI MANASTIR,Osječko-baranjska županija,31300,Blaženka  Kalčić,"031 658 021, 031 703 306, 031 705 207, 031/700-277",Srednja škola,ss-druga-bm.skole.hr,tajnistvo@ss-druga-bm.skole.hr,14-001-503,Osječko-baranjska županija
224,Vukovarska 84,031/631-049,Donji Miholjac,Srednja škola Donji Miholjac,Osječko-baranjska županija,31540,Nenad  Perić,"031/631-049, 031/630-970, 031/631-983, 031/633-156",Srednja škola,http://ss-donji-miholjac.skole.hr/,ured@ss-donji-miholjac.skole.hr,14-016-501,Osječko-baranjska županija
225,VIJENAC KARDINALA ALOJZIJA STEPINCA 11,031-822-292,Đakovo,EKONOMSKA ŠKOLA BRAĆA RADIĆ,Osječko-baranjska županija,31400,Željko  Bionda,"031/811-358;  496-740, 031/811-345, 031/496-742, 031/496-741, 031/496-743, 031 496 744",Srednja škola,http://ss-ekonomska-bracaradic-dj.skole.hr/,ured@ss-ekonomska-bracaradic-dj.skole.hr,14-022-501,Osječko-baranjska županija
226,Vijenac k. A. Stepinca 11,031/814-060,Đakovo,GIMNAZIJA A.G.MATOŠA,Osječko-baranjska županija,31400,Zlatko  Mrkić,"031/814-060, 031/814-060, 031/813-581",Srednja škola,"",ured@gimnazija-agmatosa-dj.skole.hr,14-022-502,Osječko-baranjska županija
227,VIJENAC KARDINALA ALOJZIJA STEPINCA 11,031/496-739,Đakovo,SREDNJA STRUKOVNA ŠKOLA ANTUNA HORVATA,Osječko-baranjska županija,31400,Mirko  Ćurić,"031/812-317, 031/812-317, 031/796-730,496-731, 496-732,496-733",Srednja škola,"",ured-503@ss-strukovna-ahorvata-dj.skole.hr,14-022-503,Osječko-baranjska županija
228,AUGUSTA CESARCA 20,031/613-473,Našice,Srednja škola Isidora Kršnjavoga Našice,Osječko-baranjska županija,31500,Željko  Filjak,"031/611-367, 031/613-202, 031/613-202, 031/613-544, 031-613-473",Srednja škola,http://ss-ikrsnjavoga-nasice.skole.hr/,ured@ss-ikrsnjavoga-nasice.skole.hr,14-050-501,Osječko-baranjska županija
229,ISTARSKA 3,"",Osijek,Elektrotehnička i prometna škola Osijek,Osječko-baranjska županija,31000,Antun  Kovačić,"031/208-400, 031/494-142, 031/494-140",Srednja škola,www.elpros.net,"antun.kovacic@skole.hr, tajnica@elpros.t-com.hr, upisi2023@elpros.net, ured@ss-elektrotehnicka-prometna-os.skole.hr",14-060-501,Osječko-baranjska županija
230,Istarska 3,"031/210-505, 031/494-611",Osijek,Strojarska tehnička škola Osijek,Osječko-baranjska županija,31000,Ivan  Adrić,"031/494-600, 031/494-605, 031/494-601, 031/494-602",Srednja škola,www.ss-strojarska-tehnicka-os.skole.hr,ured@ss-strojarska-tehnicka-os.skole.hr,14-060-502,Osječko-baranjska županija
231,ŽUPANIJSKA 4,031/200-698,Osijek,I. Gimnazija Osijek,Osječko-baranjska županija,31000,Ivan  Čelebić,"031/200-699, 031/200-698",Srednja škola,http://www.gimnazija-prva-os.skole.hr/,ured@gimnazija-prva-os.skole.hr,14-060-503,Osječko-baranjska županija
232,KAMILA FIRINGERA 5,031/207-156,Osijek,II. gimnazija Osijek,Osječko-baranjska županija,31000,Nives  Merčep,"031/207-157, 031/207-157, 031/207-157",Srednja škola,www.gimnazija-druga-os.skole.hr,ured@gimnazija-druga-os.skole.hr,14-060-504,Osječko-baranjska županija
233,KAMILA FIRINGERA 14,"",Osijek,III. Gimnazija Osijek,Osječko-baranjska županija,31000,Dražen  Jakopović,"031/207-101, 031/215-588",Srednja škola,http://www.gimnazija-treca-os.skole.hr/,"gimba.ravnatelj@gmail.com, ured@gimnazija-treca-os.skole.hr",14-060-505,Osječko-baranjska županija
234,VUKOVARSKA 209,031/540-215,Osijek,Medicinska škola Osijek,Osječko-baranjska županija,31000,Sanja  Dravinski,"031/540-200, 031/540-215, 031/540-214, 031/540-211,540-212, 540-217, 540-218",Srednja škola,http://ss-medicinska-os.skole.hr/,ured@ss-medicinska-os.skole.hr,14-060-506,Osječko-baranjska županija
235,Jadrovska 20,031/275-968,Osijek,Poljoprivredna i veterinarska škola Osijek,Osječko-baranjska županija,31000,Ivan  Aničić,"031/275-960, 031/275-961, 031/275-964, 031/272-268",Srednja škola,ss-poljoprivredna-veterinarska-os.skole.hr,ured@ss-poljoprivredna-veterinarska-os.skole.hr,14-060-507,Osječko-baranjska županija
236,Drinska 16a,"",Osijek,GRADITELJSKO - GEODETSKA ŠKOLA OSIJEK,Osječko-baranjska županija,31000,Darko  Pšihistal,"031/274-500, 031/274-500, 031/274-500, 031/274-501, 274-502",Srednja škola,http://ss-graditeljsko-geodetska-os.skole.hr,ured@ss-graditeljsko-geodetska-os.skole.hr,14-060-509,Osječko-baranjska županija
237,VUKOVARSKA 209,031/505-341,Osijek,Tehnička škola i prirodoslovna gimnazija Ruđera Boškovića,Osječko-baranjska županija,31000,Nada  Pitinac,"031/501-933, 031/501-933, 031/505-341",Srednja škola,"",ured@ss-tehnicka-rboskovica-os.skole.hr,14-060-510,Osječko-baranjska županija
238,TRG SVETOG TROJSTVA 4,031/399-353,Osijek,EKONOMSKA I UPRAVNA ŠKOLA OSIJEK,Osječko-baranjska županija,31000,Lidija  Žaper,"031/212-670, 031/399-341, 212-670, 031/399-348, 031/399-347",Srednja škola,http://ss-ekonomska-upravna-os.skole.hr/,ured@ss-ekonomska-upravna-os.skole.hr,14-060-511,Osječko-baranjska županija
239,MATIJE GUPCA 61,"",Osijek,UGOSTITELJSKO-TURISTIČKA ŠKOLA,Osječko-baranjska županija,31000,Andrej  Kristek,031/211-095,Srednja škola,https://rck-utso.hr/,ured@ss-ugostiteljsko-turisticka-os.skole.hr,14-060-512,Osječko-baranjska županija
240,TRG BANA JOSIPA JELAČIĆA 24,031/502-554,Osijek,Obrtnička škola Osijek,Osječko-baranjska županija,31000,Maja  Zorić,"031/506-150, 031/506-150",Srednja škola,http://ss-obrtnicka-os.skole.hr/,ured@ss-obrtnicka-os.skole.hr,14-060-513,Osječko-baranjska županija
241,GUNDULIĆEVA 38,031/202-234,Osijek,TRGOVAČKA I KOMERCIJALNA ŠKOLA DAVOR MILAS,Osječko-baranjska županija,31000,Renata  Petrović,"031/202-234, 031/202-919, 031/209-337",Srednja škola,"","trgos@tiksdm.hr, trgos@ss-trg-kom-dmilas-os.skole.hr",14-060-514,Osječko-baranjska županija
242,DRINSKA 12,031/273-111,Osijek,ŠKOLA PRIMIJENJENE UMJETNOSTI I DIZAJNA OSIJEK,Osječko-baranjska županija,31000,Kristina  Kopf,"031/273-126, 031/273-126, 031/273-111","Srednja škola, Umjetnička škola",http://umjetnicka-skola-osijek.hr/,ured@ss-primijenjenaumjetnostidizajn-os.skole.hr,14-060-515,Osječko-baranjska županija
243,TRG VATROSLAVA LISINSKOG 1,031/215-123,Osijek,ISUSOVAČKA KLASIČNA GIMNAZIJA S PRAVOM JAVNOSTI U OSIJEKU,Provincijalat Hrvatske pokrajine Družbe Isusove,31000,Alen  Šimičić,"031/215-120, 031/215-120, 031/215-121, 031/215-124",Srednja škola,http://www.ikg.hr,"ikg@ikg.hr, ured@gimnazija-isusovackaspravomjavnosti-os.skole.hr",14-060-521,Osječko-baranjska županija
244,ŠKOLSKA 6,"",Osijek,"GAUDEAMUS, prva privatna srednja škola u Osijeku s pravom javnosti",Kristina Šakić,31000,Adrijana  Krkalo,"098 9805 905, 098 329 532",Srednja škola,www.gaudeamus.hr,"gaudeamus.osijek@gmail.com, gaudeamus@gaudeamus.hr, ured@ss-prva-privatna-gaudeamus-os.skole.hr",14-060-522,Osječko-baranjska županija
245,dr. Franje Tuđmana 2,031/651-497,Valpovo,Srednja škola Valpovo,Osječko-baranjska županija,31550,Svjetlana  Kalpić,"031/651-577, 031/496-781, 031/496-780, 031/663-948, 031/496-782, 031/496-790",Srednja škola,https://ss-valpovo.hr/,"ss-valpovo@ss-valpovo.skole.hr, kalpic.svjetlana@skole.hr",14-085-501,Osječko-baranjska županija
246,Trg dr. Franje Tuđmana 4,031/601-554,Đurđenovac,SREDNJA ŠKOLA JOSIPA KOZARCA ĐURĐENOVAC,Osječko-baranjska županija,31511,Danijel  Rončević,"031/601-554, 031/602-607",Srednja škola,www.ss-jkozarca-djurdjenovac.skole.hr,ured@ss-jkozarca-djurdjenovac.skole.hr,14-326-501,Osječko-baranjska županija
247,BRAĆE RADIĆA 7,031 / 590 290,Dalj,SREDNJA ŠKOLA DALJ,Osječko-baranjska županija,31226,Rajko  Lukić,"031 / 590 290, 031 / 590 290",Srednja škola,http://ss-dalj.skole.hr/,ured@ss-dalj.skole.hr,14-411-501,Osječko-baranjska županija
248,POLJANA 1,022/886-933,Drniš,SREDNJA ŠKOLA IVANA MEŠTROVIĆA DRNIŠ,Šibensko-kninska županija,22320,Hrvoje  Pekas,"022/886-114, 022/886-933",Srednja škola,https://www.ss-ivana-mestrovica-drnis.hr/,"tajnistvo@ss-imestrovica-drnis.skole.hr, kontakt@ss-imestrovica-drnis.skole.hr",15-017-501,Šibensko-kninska županija
249,Put gimnazije 64,"",Šibenik,EKONOMSKA ŠKOLA ŠIBENIK,Šibensko-kninska županija,22000,Igor  Friedrich,"022/200-388, 022/200-386, 022/200-387, 022/212-845",Srednja škola,"","ured@ss-ekonomska-si.skole.hr, essib@ss-ekonomska-si.skole.hr",15-081-501,Šibensko-kninska županija
250,Put Gimnazije 64,022/214-606,Šibenik,PROMETNO-TEHNIČKA ŠKOLA ŠIBENIK,Šibensko-kninska županija,22000,Marijan  Bilić,"022/219-779, 022/214-606, 022/215-621, 022/331-655, 022/331-615",Srednja škola,"",admin@ss-prometno-tehnicka-si.skole.hr,15-081-502,Šibensko-kninska županija
251,ANTE ŠUPUKA 29,"",Šibenik,Medicinska škola,Šibensko-kninska županija,22000,Aleksandra  Acalin,"022/312-550; 022/331-253, 099/8181755",Srednja škola,http://www.ss-medicinska-si.skole.hr,ured@ss-medicinska-si.skole.hr,15-081-504,Šibensko-kninska županija
252,Ulica Ante Šupuka 29,022/310-136,Šibenik,TURISTIČKO-UGOSTITELJSKA ŠKOLA ŠIBENIK,Šibensko-kninska županija,22000,Senka  Dodig,"022/336-100, 336-320",Srednja škola,http://ss-turisticko-ugostiteljska-si.skole.hr/,"tus@si.ht.hr, ured@ss-turisticko-ugostiteljska-si.skole.hr",15-081-505,Šibensko-kninska županija
253,Put Gimnazije br. 64,022/216-420,Šibenik,GIMNAZIJA ANTUNA VRANČIĆA,Šibensko-kninska županija,22000,Ivan  Knežević,"022/213-276, 022/216-420",Srednja škola,http://gav.hr/,gimnazija@gav.hr,15-081-506,Šibensko-kninska županija
254,Ante Šupuka 31,022/332-074,Šibenik,TEHNIČKA ŠKOLA,Šibensko-kninska županija,22000,Josip  Belamarić,022/336-618,Srednja škola,www.ss-tehnicka-si.skole.hr,"tehskola@tssibenik.hr, ured@ss-tehnicka-si.skole.hr",15-081-507,Šibensko-kninska županija
255,ANTE ŠUPUKA 31,022/310-016;,Šibenik,INDUSTRIJSKO-OBRTNIČKA ŠKOLA ŠIBENIK,Šibensko-kninska županija,22000,Zoran  Živković,"022/334-220, 310-016;, 022/334-220;, 022/334-220;",Srednja škola,www.ioss.hr,"ind.obrt.skola@si.t-com.hr, skola@ss-industrijsko-obrtnicka-si.skole.hr",15-081-508,Šibensko-kninska županija
256,Ante Šupuka 31 ,022/213-383,Šibenik,SREDNJA STRUKOVNA ŠKOLA ŠIBENIK,Šibensko-kninska županija,22000,Dražen  Sekso,"022/214-484, 022/213-383",Srednja škola,www.strukovna.hr,ured@ss-strukovna-si.skole.hr,15-081-509,Šibensko-kninska županija
257,STANKA VRAZA 15,"",Vinkovci,Tehnička škola Ruđera Boškovića Vinkovci,Vukovarsko-srijemska županija,32100,Zlatko  Ruščić,"032/354-615, 032/354-114, 032/ 354 619, 032/ 354 244, 0989808550",Srednja škola,http://www.tsvk.hr,"pedagog@tsvk.hr, racunovodstvo@tsvk.hr, ravnatelj@tsvk.hr, administracija@tsvk.hr, tajnistvo@tsvk.hr",16-088-501,Vukovarsko-srijemska županija
258,Trg bana Josipa Šokčevića 1,"",Vinkovci,Gimnazija Matije Antuna Reljkovića,Vukovarsko-srijemska županija,32100,Ivana  Biljan,"032/332-284, 032/338-261, 032/331-517, 032/338-262",Srednja škola,http://www.gimnazijavk.hr,"upisi@gimnazija-mareljkovica-vk.skole.hr, ured@gimnazija-mareljkovica-vk.skole.hr",16-088-502,Vukovarsko-srijemska županija
259,Antuna Akšamovića 31,"",Vinkovci,Ekonomska i trgovačka škola Ivana Domca,Vukovarsko-srijemska županija,32100,Mato  Džalto,"032/354-064, 032/354-983, 032/354-984, 032/354-064",Srednja škola,"",ured@ss-ekonomska-vk.skole.hr,16-088-504,Vukovarsko-srijemska županija
260,STANKA VRAZA 15,032/354-820,Vinkovci,Drvodjelska tehnička škola,Vukovarsko-srijemska županija,32100,Josip  Jovanovac,"032/354-866, 032/354-821, 032/354-617, 032/354-069",Srednja škola,www.ss-drvodjelska-tehnicka-vk.skole.hr,"ravnatelj@ss-drvodjelska-tehnicka-vk.skole.hr, tajnistvo@ss-drvodjelska-tehnicka-vk.skole.hr",16-088-506,Vukovarsko-srijemska županija
261,STANKA VRAZA 15,"",Vinkovci,Srednja strukovna škola Vinkovci,Vukovarsko-srijemska županija,32100,Domagoj  Bujadinović,"032/354-618, 032/354-901, 032/354-900",Srednja škola,http://www.srednjastrukovnaskolavinkovci.hr/,sssvinkovci@gmail.com,16-088-507,Vukovarsko-srijemska županija
262,H.D.Genschera 16a,"",Vinkovci,Zdravstvena i veterinarska škola Dr. Andrije Štampara Vinkovci,Vukovarsko-srijemska županija,32100,Josip  Šuker,"032/306-301, 032/306-190, 032/306-191",Srednja škola,"",ured@ss-drastampara-vk.skole.hr,16-088-508,Vukovarsko-srijemska županija
263,H.D.GENSCHERA 16,"",Vinkovci,POLJOPRIVREDNO ŠUMARSKA ŠKOLA VINKOVCI,Vukovarsko-srijemska županija,32100,Ružica  Zucić,"032/306-292, 032/306-601",Srednja škola,"","ps.skola.vinkovci@gmail.com, pssvk@ss-poljoprivredno-sumarska-vk.skole.hr",16-088-509,Vukovarsko-srijemska županija
264,ŠAMAC 2,032/414-780,Vukovar,GIMNAZIJA VUKOVAR,Vukovarsko-srijemska županija,32000,Giana  Marović Zeko,"032/413-338, 032/413-338, 032/413-953",Srednja škola,www.gimnazija-vukovar.skole.hr,administracija@gimnazija-vukovar.skole.hr,16-096-501,Vukovarsko-srijemska županija
265,Stjepana Filipovića 6,032/421-032,Vukovar,Ekonomska škola Vukovar,Vukovarsko-srijemska županija,32010,Jelena  Vinaj,"032/423-019, 0989567895, 032/423-305",Srednja škola,"",ured@ss-ekonomska-vu.skole.hr,16-096-502,Vukovarsko-srijemska županija
266,Blage Zadre 4,"",Vukovar,TEHNIČKA ŠKOLA NIKOLE TESLE,Vukovarsko-srijemska županija,32010,Đorđe  Lukić,"032/423-025, 032/423-025",Srednja škola,"",ured@ss-tehnicka-ntesla-vu.skole.hr,16-096-503,Vukovarsko-srijemska županija
267,Domovinskog rata 58,032/424-971,Vukovar,Srednja strukovna škola Marko Babić,Vukovarsko-srijemska županija,32010,Rudolf  Tomić,032/424-970,Srednja škola,http://ss-markobabic-vu.skole.hr/,"ured@ss-markobabic-vu.skole.hr, racunovodstvo@ss-markobabic-vu.skole.hr",16-096-504,Vukovarsko-srijemska županija
268,VELIKI KRAJ 42,032/837-442,Županja,"OBRTNIČKO - INDUSTRIJSKA ŠKOLA, Županja",Vukovarsko-srijemska županija,32270,Vesna  Ivančičević,"032/837-442, 032/837-442",Srednja škola,http://ss-obrtnicko-industrijska-zu.skole.hr/,"obrind-skola-zupanja@vk.t-com.hr, ured@ss-obrtnicko-industrijska-zu.skole.hr",16-111-501,Vukovarsko-srijemska županija
269,VELIKI KRAJ 42,"",Županja,Gimnazija Županja,Vukovarsko-srijemska županija,32270,Ivica  Živković,"032/837-620, 032/837-533; 098 774 144, 032/837-278, 837-025",Srednja škola,http://gimnazija-zupanja.skole.hr/,"administracija@gimnazija-zupanja.skole.hr, ured@gimnazija-zupanja.skole.hr",16-111-502,Vukovarsko-srijemska županija
270,VELIKI KRAJ 42,032/837-025,Županja,Tehnička škola Županja,Vukovarsko-srijemska županija,32270,Marko  Dorotek,"032/837-926, 032/837-926",Srednja škola,www.ss-tehnicka-zupanja.skole.hr,tszu@ss-tehnicka-zupanja.skole.hr,16-111-503,Vukovarsko-srijemska županija
271,MATIJE GUPCA 168,"",Ilok,SREDNJA ŠKOLA ILOK,Vukovarsko-srijemska županija,32236,Željko  Prskalo,"032/593-207, 032/590-221, 032/593-117, 032/592-820",Srednja škola,http://ssilok.hr,ss-ilok@ss-ilok.skole.hr,16-426-501,Vukovarsko-srijemska županija
272,KROZ BURAK 81,021/741-115 ili 761-157,Hvar,SREDNJA ŠKOLA HVAR,Splitsko-dalmatinska županija,21450,Saša  Paduan,"021/717-138, 021/761-157",Srednja škola,"","srednja-skola-hvar@st.htnet.hr, ured@ss-hvar.skole.hr",17-029-501,Splitsko-dalmatinska županija
273,BRUNE BUŠIĆA 59,021/670055,Imotski,OBRTNIČKO-INDUSTRIJSKA ŠKOLA U IMOTSKOM,Splitsko-dalmatinska županija,21260,Nediljko  Biočić,"021/842-333, 0981661161",Srednja škola,"",ured@ss-obrtnicko-industrijska-imotski.skole.hr,17-030-502,Splitsko-dalmatinska županija
274,BRUNA BUŠIĆA 59,021/842-222,Imotski,EKONOMSKA ŠKOLA,Splitsko-dalmatinska županija,21260,Željko  Đuzel,"021/842-222, 021/842-229",Srednja škola,"","djelatnici@ss-ekonomska-imotski.skole.hr, ured@ss-ekonomska-imotski.skole.hr, ured@ss-ekonomska-imotski.skole.hr",17-030-503,Splitsko-dalmatinska županija
275,BRUNE BUŠIĆA 59,021/841-151,Imotski,TEHNIČKA ŠKOLA U IMOTSKOM,Splitsko-dalmatinska županija,21260,Ivan  Majić,"021/841-550, 021/841-550",Srednja škola,www.ss-tehnicka-imotski.skole.hr,ured@ss-tehnicka-imotski.skole.hr,17-030-504,Splitsko-dalmatinska županija
276,BRUNA BUŠIĆA 59,021/843-099,Imotski,GIMNAZIJA DR. MATE UJEVIĆA,Splitsko-dalmatinska županija,21260,Boris  Karin,"021/843-098, 021/670-337",Srednja škola,"",gimnazija@gimnazija-mujevica-im.skole.hr,17-030-505,Splitsko-dalmatinska županija
277,Breljanska 3,021/610-200,Makarska,SREDNJA ŠKOLA FRA ANDRIJE KAČIĆA MIOŠIĆA,Splitsko-dalmatinska županija,21300,Evelin  Bulić,"021/610-304, 021/610-304, 021/610-200, 021/678-268",Srednja škola,http://www.ss-fraandrijekacicamiosica-ma.skole.hr/,ured@ss-fraandrijekacicamiosica-ma.skole.hr,17-047-501,Splitsko-dalmatinska županija
278,Breljanska 3,021 678 016,Makarska,SREDNJA STRUKOVNA ŠKOLA,Splitsko-dalmatinska županija,21300,,"021/678 017, 021/678-016",Srednja škola,"",ured@ss-strukovna-ma.skole.hr,17-047-502,Splitsko-dalmatinska županija
279,TRG KRALJA TOMISLAVA 2,021/862-320,Omiš,Srednja škola Jure Kaštelan,Splitsko-dalmatinska županija,21310,Tereza  Srdelić,021/861-117,Srednja škola,https://ssjk.hr,ured@ss-jkastelan-omis.skole.hr,17-057-501,Splitsko-dalmatinska županija
280,Dinka Šimunovića 14.,"",Sinj,Srednja strukovna škola bana Josipa Jelačića,Splitsko-dalmatinska županija,21230,Stipe  Ivišić,"021/668-583, 021/668-586",Srednja škola,"",tajnistvo@ss-strukovna-banajosipajelacica-sinj.skole.hr,17-075-501,Splitsko-dalmatinska županija
281,DINKA ŠIMUNOVIĆA 10,021/825-444,Sinj,GIMNAZIJA DINKA ŠIMUNOVIĆA U SINJU,Splitsko-dalmatinska županija,21230,Tomislav  Bilić,"021/821-608, 021/821-808",Srednja škola,www.gimnazija-dsimunovica-sinj.skole.hr,ured@gimnazija-dsimunovica-sinj.skole.hr,17-075-502,Splitsko-dalmatinska županija
282,DINKA ŠIMUNOVIĆA  12,021/821-502,Sinj,TEHNIČKA I INDUSTRIJSKA ŠKOLA RUĐERA BOŠKOVIĆA U SINJU,Splitsko-dalmatinska županija,21230,Marica  Barać,"021/821-522, 021/821-522, 021/821-502, 021/821-818",Srednja škola,tiswebstranica@gmail.com,tis@ss-rboskovic-sinj.skole.hr,17-075-503,Splitsko-dalmatinska županija
283,ULICA FRANJEVAČKE KLASIČNE GIMNAZIJE 22,021/821-809,Sinj,FRANJEVAČKA KLASIČNA GIMNAZIJA U SINJU S PRAVOM JAVNOSTI,Franjevačka provincija Presvetog Otkupitelja,21230,Josko  Kodžoman,"021/821-809, 021/660-480",Srednja škola,"","fkgsinj@gmail.com, ured@gimnazija-franjevacka-klasicna-sinj.skole.hr",17-075-504,Splitsko-dalmatinska županija
284,PUT MULINE 2B,021/881-414,Trogir,Srednja škola IVANA LUCIĆA - TROGIR,Splitsko-dalmatinska županija,21220,Jakša  Geić,"021/884-891, 021/881-414",Srednja škola,http://ss-ilucica-trogir.skole.hr,ured@ss-ilucica-trogir.skole.hr,17-083-501,Splitsko-dalmatinska županija
285,Ul. dr. Franje Tuđmana 1,021/884-251,Trogir,SREDNJA STRUKOVNA ŠKOLA BLAŽ JURJEV TROGIRANIN,Splitsko-dalmatinska županija,21220,Karmen  Sinanović,"021/882-511, 021/885-620",Srednja škola,"","sss.bjt.trogir@gmail.com, pisarnica@ss-strukovna-bjtrogiranin-trogir.skole.hr",17-083-502,Splitsko-dalmatinska županija
286,VIŠKOG BOJA 9,021/711-449,Vis,SREDNJA ŠKOLA ANTUN MATIJAŠEVIĆ - KARAMANEO,Splitsko-dalmatinska županija,21480,,"021/711-748, 021/711-449",Srednja škola,"",ured@ss-amkaramaneo-vis.skole.hr,17-090-501,Splitsko-dalmatinska županija
287,MATICE HRVATSKE 8,021/674-335,Vrgorac,SREDNJA ŠKOLA TINA UJEVIĆA,Splitsko-dalmatinska županija,21276,Drago  Mihaljević,"021/674-026, 021/674-335",Srednja škola,http://ss-tujevic-vrgorac.skole.hr/,ured@ss-tujevic-vrgorac.skole.hr,17-093-501,Splitsko-dalmatinska županija
288,Put poljoprivrednika 5,021/234-599,Kaštel Štafilić - Nehaj,SREDNJA ŠKOLA BRAĆA RADIĆ,Splitsko-dalmatinska županija,21216,,"021/234-505, 00385915025365, 021/234-599, 234-587, 021 234-505, 021 231-940",Srednja škola,"",ured@ss-bracaradic-kastelstafilicnehaj.skole.hr,17-124-501,Splitsko-dalmatinska županija
289,MATICE HRVATSKE 11,"",Split,PRIRODOSLOVNA ŠKOLA SPLIT,Splitsko-dalmatinska županija,21000,Marija  Pustak,"021/434-590, 021/465-462, 021/465-462, 021/468-871",Srednja škola,www.prirodoslovna.hr,"prirodoslovna@prirodoslovna.hr, ured@ss-prirodoslovna-st.skole.hr",17-126-501,Splitsko-dalmatinska županija
290,TESLINA 2,021/385-936,Split,ELEKTROTEHNIČKA ŠKOLA - SPLIT,Splitsko-dalmatinska županija,21000,Sanio  Bečić,"021/385-941, 021/385-941, 021/385-941",Srednja škola,http://www.ss-elektrotehnicka-st.skole.hr/,ured@ss-elektrotehnicka-st.skole.hr,17-126-502,Splitsko-dalmatinska županija
291,MATICE HRVATSKE 11,021/468-199,Split,GRADITELJSKO-GEODETSKA TEHNIČKA ŠKOLA,Splitsko-dalmatinska županija,21000,Filip  Relja,"021/558-430, 021/468-199",Srednja škola,https://ggts.hr/,ured@ss-graditeljskogeodetskatehnicka-st.skole.hr,17-126-503,Splitsko-dalmatinska županija
292,NODILOVA 3,"",Split,OBRTNIČKA ŠKOLA,Splitsko-dalmatinska županija,21000,Davor  Kulić,021/343-612,Srednja škola,http://ss-obrtnicka-st.skole.hr,ured@ss-obrtnicka-st.skole.hr,17-126-504,Splitsko-dalmatinska županija
293,NIKOLE TESLE 10,"",Split,I. GIMNAZIJA SPLIT,Splitsko-dalmatinska županija,21000,Dobrila  Gotovac Stipaničev,"021/384-944, 021/384-966, 021/315-475, 021/315-476",Srednja škola,www.gimnazija-prva-st.skole.hr,"tajnistvo@gimnazija-prva-st.skole.hr, gimnazija@gimnazija-prva-st.skole.hr",17-126-505,Splitsko-dalmatinska županija
294,NIKOLE TESLE 10,021385914,Split,II GIMNAZIJA - SPLIT,Splitsko-dalmatinska županija,21000,Ivanka  Kovačević,"021/385-914; 021/384-969, 021/384-807, 021/386-174",Srednja škola,www.gimnazija-druga-st.skole.hr,ured@gimnazija-druga-st.skole.hr,17-126-506,Splitsko-dalmatinska županija
295,MATICE HRVATSKE 11,021/465-445,Split,III. GIMNAZIJA,Splitsko-dalmatinska županija,21000,Deana  Bokšić,"021/558-428, 021/558-421, 021/558-420",Srednja škola,www.trema.hr,"iiigs@trema.hr, info@gimnazija-treca-st.skole.hr",17-126-507,Splitsko-dalmatinska županija
296,ZAGREBAČKA 2,021/315-632,Split,IV. GIMNAZIJA MARKO MARULIĆ,Splitsko-dalmatinska županija,21000,Ninočka  Knežević,"021/344-484, 021/348-380, 021/346-296",Srednja škola,http://gimnazija-cetvrta-mmarulic-st.skole.hr/,ured@gimnazija-cetvrta-mmarulic-st.skole.hr,17-126-508,Splitsko-dalmatinska županija
297,ZAGREBAČKA 2,021/315-250,Split,V. GIMNAZIJA VLADIMIR NAZOR SPLIT,Splitsko-dalmatinska županija,21000,Ankica  Kovač,"021/348-381, 021/344-922, 021/344-922",Srednja škola,www.petagimnazijast.hr,"sluzbenik@gimnazija-peta-vnazor-st.skole.hr, vnazor@petagimnazijast.hr, vnazor@gimnazija-peta-vnazor-st.skole.hr",17-126-509,Splitsko-dalmatinska županija
298,ZRINSKO-FRANKOPANSKA 19,021/386-149,Split,Nadbiskupijska klasična gimnazija Don FRANE BULIĆ - s pravom javnosti,Nadbiskupija splitsko-makarska,21000,Don Josip  Dukić,"021/323-443, 021/323-440, 021/323-441",Srednja škola,www.nkg-split.hr,tajnistvo@nkg-split.hr,17-126-510,Splitsko-dalmatinska županija
299,VUKOVARSKA 37,"",Split,EKONOMSKA I UPRAVNA ŠKOLA,Splitsko-dalmatinska županija,21000,Neda  Bartulin,"021/401-300, 021/401-312, 021/401-311,021/ 401-317, 021/401-316",Srednja škola,www.ss-ekonomskaiupravna-st.skole.hr,ured@ss-ekonomskaiupravna-st.skole.hr,17-126-511,Splitsko-dalmatinska županija
300,ANTUNA GUSTAVA MATOŠA 60,021/386-829,Split,KOMERCIJALNO-TRGOVAČKA ŠKOLA SPLIT,Splitsko-dalmatinska županija,21000,Mirela  Maričić,021/386-829,Srednja škola,"",ured@ss-kom-trg-st.skole.hr,17-126-512,Splitsko-dalmatinska županija
301,TESLINA 4,021/385-903,Split,SREDNJA TEHNIČKA PROMETNA ŠKOLA,Splitsko-dalmatinska županija,21000,Josip  Balić,"021/385-937, 021/344-649, 385-942, 021/385-910",Srednja škola,http://ss-tehnicka-prometna-st.skole.hr/,tajnistvo@ss-tehnicka-prometna-st.skole.hr,17-126-513,Splitsko-dalmatinska županija
302,Zrinsko-Frankopanska 23,021/385-940,Split,TEHNIČKA ŠKOLA ZA STROJARSTVO I MEHATRONIKU,Splitsko-dalmatinska županija,21000,Marin  Tvrdić,"021/385-944, 021/ 385-944, 021/322-284",Srednja škola,www.tehnickaskola-split.hr,"tssm@tehnickaskola-split.hr, tssm@ss-tehnicka-st.skole.hr",17-126-514,Splitsko-dalmatinska županija
303,Plančićeva 1,"",Split,OBRTNA TEHNIČKA ŠKOLA,Splitsko-dalmatinska županija,21000,Milivoj  Kalebić,"021/385-938, 021/385-939, 021-386-197",Srednja škola,"",ured@ss-obrtna-tehnicka-st.skole.hr,17-126-515,Splitsko-dalmatinska županija
304,ZRINSKO FRANKOPANSKA 40,021/380-773,Split,INDUSTRIJSKA ŠKOLA,Splitsko-dalmatinska županija,21000,Ivana  Vojnović,"021/380-776, 021/380-776, 021/322-177",Srednja škola,http://www.ss-industrijska-st.skole.hr,"info@industrijskaskola.hr, info@ss-industrijska-st.skole.hr",17-126-516,Splitsko-dalmatinska županija
305,Matice Hrvatske 11,021/465-427,Split,"ŠKOLA ZA DIZAJN, GRAFIKU I ODRŽIVU GRADNJU",Splitsko-dalmatinska županija,21000,Sela  Tecilazić,"021/434-580, 021/434-581, 021/434-582",Srednja škola,www.gogss.hr,ured@ss-dizajngrafikuiodrzivugradnju-st.skole.hr,17-126-517,Splitsko-dalmatinska županija
306,ZRINSKO FRANKOPANSKA 36,021 380 764,Split,POMORSKA ŠKOLA,Splitsko-dalmatinska županija,21000,Dragan  Pavelin,"021 380 749, 021 380 765, 021 380 749, 021 380 767",Srednja škola,www.pomsk.hr,"office@pomsk.hr, admin@ss-pomorska-st.skole.hr, ured@ss-pomorska-st.skole.hr",17-126-518,Splitsko-dalmatinska županija
307,FAUSTA VRANČIĆA 17,"",Split,ŠKOLA LIKOVNIH UMJETNOSTI,Splitsko-dalmatinska županija,21000,Ivana  Korjenić,"021/467-177, 021/467-177","Srednja škola, Umjetnička škola",www.slu.hr,"skola-likovnih-umjetnosti@st.t-com.hr, ured@ss-likovne-umjetnosti-st.skole.hr",17-126-520,Splitsko-dalmatinska županija
308,ŠOLTANSKA 15,"",Split,Zdravstvena škola,Splitsko-dalmatinska županija,21000,Sanja  Perić,"021/466-018, 021/466-018, 095 2225 876",Srednja škola,http://www.ss-zdravstvena-st.skole.hr/,split@zdravstvenaskola.hr,17-126-521,Splitsko-dalmatinska županija
309,A. G. MATOŠA 60,021/386-827,Split,"TURISTIČKO - UGOSTITELJSKA ŠKOLA, SPLIT",Splitsko-dalmatinska županija,21000,Ivo  Bilić,"021/386-824, 021/386-824, 021/386-652",Srednja škola,http://ss-turisticko-ugostiteljska-st.skole.hr/,ured@tus-st.hr,17-126-522,Splitsko-dalmatinska županija
310,BENKOVAČKA 10 A,"",Split,SREDNJA ŠKOLA DENTAL CENTAR MARUŠIĆ,Udruga Marusinac,21000,,021/502-600,Srednja škola,www.dentalcentarmarusic.com,"dental.marusic@dentalcentarmarusic.com, ured@ss-dcmarusic-st.skole.hr",17-126-527,Splitsko-dalmatinska županija
311,Put Brodarice 6,021/493-542,Split,"Privatna srednja škola Marko Antun de Dominis, s pravom javnosti",Jelica Pražen,21000,Jelica  Pražen,021/493-542,Srednja škola,www.dominis.hr,"privatnaskola@dominis.hr, ravnateljica@dominis.hr",17-126-529,Splitsko-dalmatinska županija
312,Nodilova 1,"",Split,GIMNAZIJSKI KOLEGIJ KRALJICA JELENA s pravom javnosti,Ivan Plazibat,21000,Koraljka  Bezina,021 321 222,Srednja škola,"",ured@gimnazija-kolegijkraljicejelene-st.skole.hr 	,17-126-530,Splitsko-dalmatinska županija
313,Bračka cesta 3,021/635-141,Bol,SREDNJA ŠKOLA BOL,Splitsko-dalmatinska županija,21420,Lucija  Carević Brešković,"021/635-141, 635-786,",Srednja škola,http://ss-bol.skole.hr/,"lucija.carevic-breskovic@skole.hr, ured@ss-bol.skole.hr",17-444-501,Splitsko-dalmatinska županija
314,NOVO RIVA 4,021/633-114,Pučišća,KLESARSKA ŠKOLA,Splitsko-dalmatinska županija,21412,Tamara  Plastić,"021/633-076, 021/633-114, 021 718 366",Srednja škola,https://klesarskaskola.hr/,"klesarska-skola@klesarska.tcloud.hr, klesarskaskola1@gmail.com, ured@ss-klesarska-pucisca.skole.hr",17-445-501,Splitsko-dalmatinska županija
315,Kralja Petra Krešimira IV. 2,"",Supetar,SREDNJA ŠKOLA BRAČ,Splitsko-dalmatinska županija,21400,Doris  Mazija,"",Srednja škola,http://ss-brac-supetar.skole.hr/,"ured@ss-brac-supetar.skole.hr, racunovodstvo@ss-brac-supetar.skole.hr, admin@ss-brac-supetar.skole.hr, tajnistvo@ss-brac-supetar.skole.hr",17-468-501,Splitsko-dalmatinska županija
316,Školski brijeg 1,"",Buje,"SREDNJA ŠKOLA ""VLADIMIR GORTAN"" - SCUOLA MEDIA SUPERIORE ""VLADIMIR GORTAN""",Istarska županija,52460,Dolores  Mihelić Malbašić,052/772-113,Srednja škola,"",ured@ss-vgortan-buje.skole.hr,18-006-501,Istarska županija
317,ŠKOLSKI BRIJEG 1,"",Buje,"Talijanska srednja škola - Scuola media superiore italiana ""Leonardo da Vinci"" Buje - Buie",Istarska županija,52460,Franko  Gergorić,"052/417 322, 052/417 325, 052/417 326",Srednja škola,"","franko.gergoric@skole.hr, sssms@pu.t-com.hr, smsileonardodavinci@gmail.com, ured@ss-leonardodavinci-buje.skole.hr",18-006-502,Istarska županija
318,ŠKOLSKI BRIJEG 1,"",Buje,GOSPODARSKA ŠKOLA ISTITUTO PROFESSIONALE,Istarska županija,52460,Milivoj  Gospić,"052/492-773, 052/492-772, 052/492-770, 052/492-771, 052/492-774, 052/492-775, 052/492-776, 052/492772",Srednja škola,"","milivoj.gospic@skole.hr, skola@ss-gospodarska-buje.skole.hr",18-006-503,Istarska županija
319,Antuna Cerovca-Tončića 7,052/662-056,Buzet,SREDNJA ŠKOLA BUZET,Istarska županija,52420,Margareta  Gumilar,"052/662-764, 052/662-764, 052/662-707",Srednja škola,http://www.ss-buzet.skole.hr,"ss-buzet@ri.t-com.hr, ured@ss-buzet.skole.hr",18-007-501,Istarska županija
320,Rudarska 4,052/855-329,Labin,Srednja škola Mate Blažine Labin,Istarska županija,52220,Đani  Žufić,"052/856-277, 052/856-277, 098270594",Srednja škola,http://www.ssmb.hr/,ssmb@ss-mblazine-labin.skole.hr,18-044-501,Istarska županija
321,ŠETALIŠTE PAZINSKE GIMNAZIJE 11,052/624-226,Pazin,"Gimnazija i strukovna škola Jurja Dobrile, Pazin",Istarska županija,52000,Suzana  Poropat-Božac,"052/624-017, 052/624-017, 052/624-184",Srednja škola,www.gssjd.hr,"gssjd@gssjd.hr, ured@gimnazija-strukovnajdobrile-pazin.skole.hr",18-065-501,Istarska županija
322,J. DOBRILE 6,052/624-224,Pazin,PAZINSKI KOLEGIJ - KLASIČNA GIMNAZIJA PAZIN s pravom javnosti,Porečko-pulska biskupija,52000,,"052/624-505, 052/624-505, 052/624-649",Srednja škola,"","kolegij@pazinski-kolegij.hr, ured@gimnazija-klasicna-pazinskikolegij.skole.hr",18-065-502,Istarska županija
323,KARLA HUGUESA 6,052/431-246,Poreč,Srednja škola Mate Balote,Istarska županija,52440,Krešimir  Bronić,"052/431-055, 052/ 431-085",Srednja škola,http://ss-mbalote-porec.skole.hr/,ss-mbalote@ss-mbalote-porec.skole.hr,18-068-501,Istarska županija
324,PRVOMAJSKA 6,052/431-622,Poreč,TURISTIČKO - UGOSTITELJSKA ŠKOLA ANTONA ŠTIFANIĆA POREČ,Istarska županija,52440,Tatjana  Gulić Pisarević,052/429-250,Srednja škola,"","tus-porec@email.ht.hr, ured@ss-astifanica-porec.skole.hr",18-068-502,Istarska županija
325,Kandlerova 48,052/218-796,Pula,"Škola za turizam, ugostiteljstvo i trgovinu",Istarska županija,52100,Orhideja  Petković,"052/218-778; 218-787, 052/368-683",Srednja škola,http://www.ss-tur-ugo-trg-pu.skole.hr,tajnistvo@ss-tur-ugo-trg-pu.skole.hr,18-069-501,Istarska županija
326,TRIERSKA 8,052/212-258,Pula,Gimnazija Pula,Istarska županija,52100,Nikola  Vujačić,"052/212-144, 052/212-144, 212-258, 052/212-144",Srednja škola,https://www.gimnazijapula.hr/,gimnazija@gimnazija-pula.skole.hr,18-069-502,Istarska županija
327,RIZZIJEVA 40,052/216-124,Pula,INDUSTRIJSKO - OBRTNIČKA ŠKOLA PULA,Istarska županija,52100,Dragan  Radovanović,"052/216-121, 052/216-121, 052/216-121, 052/216-124",Srednja škola,"",ios.pula@skole.hr,18-069-503,Istarska županija
328,Radićeva 19,052/223-377,Pula,Škola primijenjenih umjetnosti i dizajna - Pula,Istarska županija,52100,Davor  Kliman,"052/223-377, 052/223 377","Srednja škola, Umjetnička škola",www.ss-primijenjenihumjetnostiidizajna-pu.skole.hr,"skola-dizajn@pu.t-com.hr, ured@ss-primijenjenihumjetnostiidizajna-pu.skole.hr",18-069-504,Istarska županija
329,SANTORIOVA 3,052/385-098,Pula,"TALIJANSKA SREDNJA ŠKOLA DANTE ALIGHIERI, PULA - SCUOLA MEDIA SUPERIORE ITALIANA DANTE ALIGHIERI, POLA",Istarska županija,52100,Debora  Radolović,"052/385-091, 052/385-090, 052/385-093",Srednja škola,https://www.smsida.hr,"dante@ss-dante-pula.skole.hr, ss.dante.pula@gmail.com",18-069-505,Istarska županija
330,KOVAČIĆEVA 3,052/222-761,Pula,Ekonomska škola Pula,Istarska županija,52100,Petko  Radulović,"052/222-761, 052/210-717, 052/214-452, 052/380-558, 052/380-559",Srednja škola,ss-ekonomska-pu.skole.hr,ekonomska-skola-pula@ss-ekonomska-pu.skole.hr,18-069-506,Istarska županija
331,Rižanske skupštine 2,052/394-707,Pula,Medicinska škola Pula,Istarska županija,52100,Ivan  Žagar,"052/543-144, 052/383-202, 052/542-733",Srednja škola,"",sluzbena_adresa@ss-medicinska-pu.skole.hr,18-069-507,Istarska županija
332,JURJA CVEČIĆA 7,052/218-562,Pula,TEHNIČKA ŠKOLA PULA,Istarska županija,52100,Romeo  Šain,"052/218-461, 052/218-461",Srednja škola,www.ss-tehnicka-pu.skole.hr,ured@ss-tehnicka-pu.skole.hr,18-069-508,Istarska županija
333,Zagrebačka 22,"",Pula,Strukovna škola Pula,Istarska županija,52100,Ivo  Bebek,052/216-261,Srednja škola,http://ss-strukovna-pu.skole.hr/,"ivo.bebek@skole.hr, mirela.lulic1@skole.hr, ljiljana.mescic-blazevic@skole.hr, grozdana.smoljan@skole.hr, strukovnaskolapula@sspula.hr, strukovnaskola.pula@ss-strukovna-pu.skole.hr",18-069-509,Istarska županija
334,CARDUCCIJEVA ULICA 20,052/840-985,Rovinj,Talijanska srednja škola - Scuola media superiore italiana Rovinj - Rovigno,Istarska županija,52210,Ines  Venier,"052/813-277, 052/813-277, 052/840-984",Srednja škola,http://www.smsir.hr/,smsir@pu.t-com.hr,18-072-501,Istarska županija
335,Carduccijeva ulica  20,052/830-931,Rovinj,"SREDNJA ŠKOLA ZVANE ČRNJE ROVINJ, SCUOLA MEDIA SUPERIORE ""ZVANE ČRNJA"" ROVIGNO",Istarska županija,52210,Ingrid  Sau,"052/830-154, 052/830-154, 052/840-655",Srednja škola,http://ss-zcrnje-rovinj.skole.hr/,ured@ss-zcrnje-rovinj.skole.hr,18-072-502,Istarska županija
336,CARDUCCI 13,"",Rovinj,STRUKOVNA ŠKOLA EUGENA KUMIČIĆA ROVINJ - SCUOLA DI FORMAZIONE PROFESSIONALE EUGEN KUMIČIĆ ROVIGNO,Istarska županija,52210,Emil  Nimčević,"052/813-047, 052/813-047",Srednja škola,http://ssek.hr,"ssek@pu.t-com.hr, ured@ss-strukovna-ekumicica-rovinj.skole.hr",18-072-503,Istarska županija
337,IVA VOJNOVIĆA 12,020/332-968,Dubrovnik,Obrtnička i tehnička škola Dubrovnik,Dubrovačko-neretvanska županija,20000,Dinko  Mandić,"020/332-968, 020/331-646, 020/331-626, 333-073",Srednja škola,"","obrtnicka-skola-dubrovnik@du.t-com.hr, ravnatelj@ots-du.hr, tajnistvo@ots-du.hr",19-018-502,Dubrovačko-neretvanska županija
338,POLJANA RUĐERA BOŠKOVIĆA 6,"",Dubrovnik,BISKUPIJSKA KLASIČNA GIMNAZIJA RUĐERA BOŠKOVIĆA s pravom javnosti,BISKUPIJA DUBROVAČKA,20000,Tomislav  Sikavica,"020/642 227, 020/642 227",Srednja škola,"",ured@gimnazija-klasicna-rboskovic-du.skole.hr,19-018-503,Dubrovačko-neretvanska županija
339,Iva Vojnovića 12A,020/331-620,Dubrovnik,EKONOMSKA I TRGOVAČKA ŠKOLA,Dubrovačko-neretvanska županija,20000,Suzana  Đurđević,"020/331-620, 020/331-624, 020/331-622",Srednja škola,www.ekonomska-dubrovnik.com,ured@ss-ekonomskaitrgovacka-du.skole.hr,19-018-504,Dubrovačko-neretvanska županija
340,FRANA SUPILA 3,020/ 432-569  020/639920,Dubrovnik,GIMNAZIJA DUBROVNIK,Dubrovačko-neretvanska županija,20000,Katarina  Tolja,"020/432-569, 020/422-033 020/639-923, 020/311-484 020/639-921, 020/432-379 020/639-924, 020/432-596 020/639-922, 020/639-925",Srednja škola,http://www.gimnazija-dubrovnik.hr/,"tajnistvo@gimnazija-dubrovnik.hr, fani.jerkovic@skole.hr",19-018-505,Dubrovačko-neretvanska županija
341,BALTAZARA BOGIŠIĆA 1O,020/421-806,Dubrovnik,MEDICINSKA ŠKOLA DUBROVNIK,Dubrovačko-neretvanska županija,20000,Marijana  Kulić,"020/420-504, 020/421-806, 020/412-460, 020 311 474",Srednja škola,http://ss-medicinska-du.skole.hr/,"tajnistvo@dumed.hr, ravnateljica@dumed.hr, knjiznica@dumed.hr, racunovodstvo@dumed.hr, pedagog@dumed.hr, tajnistvo@dumed.hr",19-018-506,Dubrovačko-neretvanska županija
342,MILJENKA BRATOŠA 4,"",Dubrovnik,POMORSKO-TEHNIČKA ŠKOLA DUBROVNIK,Dubrovačko-neretvanska županija,20000,Antonio  Lučić,"020/435-987, 020/435-987, 020/435-989, 020/435-979",Srednja škola,http://ss-pomorsko-tehnicka-du.skole.hr/,"tajnistvo.pomorskaskola@gmail.com, ured@ss-pomorsko-tehnicka-du.skole.hr",19-018-507,Dubrovačko-neretvanska županija
343,ŽUPSKA 2,"",Dubrovnik,TURISTIČKA I UGOSTITELJSKA ŠKOLA DUBROVNIK,Dubrovačko-neretvanska županija,20000,Antun  Perušina,"020/640-411, 020/640-400, 640-410 kuh. 640-422",Srednja škola,"","ravnatelj@tusdu.hr, tajnistvo@tusdu.hr, administracija@tusdu.hr, ured@ss-turisticka-ugostiteljska-du.skole.hr",19-018-508,Dubrovačko-neretvanska županija
344,ANTE STARČEVIĆA 52,020/715-060,Korčula,SREDNJA ŠKOLA PETRA ŠEGEDINA,Dubrovačko-neretvanska županija,20260,Lovre  Botica,"020/711-129, 020/715-060, 020/711-904, 020 711 314",Srednja škola,http://ss-psegedina-korcula.skole.hr/,"srednja.skola.korcula@du.t-com.hr, ured@ss-psegedina-korcula.skole.hr",19-038-501,Dubrovačko-neretvanska županija
345,ULICA  5 BR. 9,"020/812-516, 020/812-516",Vela Luka,Srednja škola Vela Luka,Dubrovačko-neretvanska županija,20270,Ofelija  Dragojević,"020/812-972, 020/812-972, 020/812-456",Srednja škola,http://ss-vela-luka.skole.hr,ssvl@ss-vela-luka.skole.hr,19-038-502,Dubrovačko-neretvanska županija
346,KRALJA ZVONIMIRA 12,020/681-712,Metković,SREDNJA ŠKOLA METKOVIĆ,Dubrovačko-neretvanska županija,20350,Marijo  Obradović,020/681-088,Srednja škola,"","racunovodstvo@ss-metkovic.skole.hr, ured@ss-metkovic.skole.hr",19-049-501,Dubrovačko-neretvanska županija
347,KRALJA ZVONIMIRA 12,020/681-344,Metković,Gimnazija METKOVIĆ,Dubrovačko-neretvanska županija,20350,Jozo  Jurković,"020/681-344, 690-121, 020/311 681",Srednja škola,www.gimnazija-metkovic.skole.hr,"tajnistvo@gimnazija-metkovic.com, ured@gimnazija-metkovic.skole.hr",19-049-502,Dubrovačko-neretvanska županija
348,TINA UJEVIĆA  5,"",Ploče,SREDNJA ŠKOLA FRA ANDRIJE KAČIĆA MIOŠIĆA,Dubrovačko-neretvanska županija,20340,Anela  Barbir,"020/679-631, 020/679-139",Srednja škola,www.ss-fraandrijekacicamiosica-ploce.skole.hr,ured@ss-fraandrijekacicamiosica-ploce.skole.hr,19-112-501,Dubrovačko-neretvanska županija
349,1. ULICA 25/1,020/851-313,Blato,"Srednja škola ""Ivo Padovan"" Blato",Dubrovačko-neretvanska županija,20271,Ivo  Gavranić,"020/851-313, 020/851-313, 020/852-526, 020/851-313, 099-2673074",Srednja škola,"","ssblato@ssblato.tcloud.hr, ured@ss-blato.skole.hr",19-511-501,Dubrovačko-neretvanska županija
350,Trg Opuzenske bojne 5 ,020/672-754,Opuzen,SREDNJA POLJOPRIVREDNA I TEHNIČKA ŠKOLA,Dubrovačko-neretvanska županija,20355,Danijela  Primorac,"020/672-754, 020/672-689, 020/672-561, 020/672-559, 020/672-560",Srednja škola,www.ssopuzen.hr,info@ssopuzen.hr,19-512-501,Dubrovačko-neretvanska županija
351,Vladimira Nazora 34,040/314-911,Čakovec,Gimnazija Josipa Slavenskog Čakovec,Međimurska županija,40000,Sandra  Breka-Ovčar,"040/314-900, 040/314-901, 040/314-902, 040/314-903, 040/314-905, 040/314-904, 040/314-909",Srednja škola,www.gimnazija-cakovec.hr,"gjs@gimnazija-cakovec.skole.hr, gjs@gimnazija-cakovec.skole.hr, gjs@gimnazija-cakovec.skole.hr",20-010-501,Međimurska županija
352,ŠPORTSKA 1,040/329-013,Čakovec,GRADITELJSKA ŠKOLA ČAKOVEC,Međimurska županija,40000,Damir  Srnec,"040/329-024, 040/329-002, 040/329-000, 040/329-001, 040 329-016",Srednja škola,www.gsc.hr,"gsc@gsc.hr, gsc@ss-graditeljska-ck.skole.hr",20-010-502,Međimurska županija
353,Športska 5,"",Čakovec,TEHNIČKA ŠKOLA ČAKOVEC,Međimurska županija,40000,Dražen  Blažeka,"040-328-522, 040-328-881, 040-328-528, 040-321-056, 040-328-539, 040-328-521, 040-328-524, 040-328-536",Srednja škola,www.tsck.hr,"ravnatelj@tsck.hr, tsck@tsck.hr, tsck@ss-tehnicka-ck.skole.hr",20-010-503,Međimurska županija
354,VLADIMIRA NAZORA 36,040/310-982,Čakovec,EKONOMSKA I TRGOVAČKA ŠKOLA,Međimurska županija,40000,Bosiljka  Vinković Kukolić,"040/312-520, 040/312-520, 040/311-115",Srednja škola,www.ets.hr,"ets@ets.hr, ets@ets.hr, ets@ss-ekonomskaitrgovacka-ck.skole.hr",20-010-504,Međimurska županija
355,VLADIMIRA NAZORA 38,040/395-302,Čakovec,GOSPODARSKA ŠKOLA,Međimurska županija,40000,Vesna  Stunković,"040/395-302, 040/395-302, 040/395-276, 040 396 591, 040 328 067",Srednja škola,www.gospodarskaskola.hr,gospodarska@gospodarskaskola.hr ### ured@ss-gospodarska-ck.skole.hr,20-010-505,Međimurska županija
356,ČAKOVEČKA 1,040/645-456,Prelog,SREDNJA ŠKOLA PRELOG,Međimurska županija,40323,Tomislav  Gregur,"040/645-400, 040/645-400, 040/648-082",Srednja škola,http://ss-prelog.skole.hr/,ssp@ss-prelog.skole.hr,20-527-501,Međimurska županija
357,AVENIJA DUBROVNIK 36,"",Zagreb,I. GIMNAZIJA,Grad Zagreb ,10010,Dunja  Marušić Brezetić,"01/660-11-53, 660-16-65, 01/669-26-78",Srednja škola,www.prva.hr,"info@prva.hr, ured@gimnazija-prva-zg.skole.hr",21-114-501,Grad Zagreb županija
358,Križanićeva 4,"",Zagreb,II. gimnazija,Grad Zagreb,10000,Drago  Bagić,"01/4500-161, 01/4611-834, 01/4611-832, 01/4662854, 01/4662853, 01/4500166, 01/4500163, 01/4500165",Srednja škola,www.druga.hr,"2.gimnazija-zagreb@zg.t-com.hr, ured@gimnazija-druga-zg.skole.hr 	",21-114-502,Grad Zagreb županija
359,KUŠLANOVA 52,01/230-54-54,Zagreb,III. GIMNAZIJA,Grad Zagreb ,10000,Darka  Sudarević,"01/230-54-54, 01/233-96-29, 01/233-96-27",Srednja škola,http://gimnazija-treca-zg.skole.hr,"treca.zg@3gimnazija.hr, ured@gimnazija-treca-zg.skole.hr",21-114-503,Grad Zagreb županija
360,Ulica Žarka Dolinara 9,01/66 77 228,Zagreb,IV. Gimnazija,Grad Zagreb ,10000,Sonja  Kamčev Bačani,"01/66 77 188, 01/66 03 001, 01/66 88 669",Srednja škola,http://www.gimnazija-cetvrta-zg.skole.hr/,4.gimnazija-zg@zg.htnet.hr,21-114-504,Grad Zagreb županija
361,KLAIĆEVA 1,01/483-81-27,Zagreb,V. gimnazija,Grad Zagreb ,10000,Tihomir  Engelsfeld,"01/482-80-70, 01/482-62-03, 01/483-81-22, 482-80-71",Srednja škola,http://www.petagimnazija.hr,tajnistvo@petagimnazija.hr,21-114-505,Grad Zagreb županija
362,Trg Katarine Zrinske 5,"",Zagreb,GORNJOGRADSKA GIMNAZIJA,Grad Zagreb ,10000,Anita  Perišić,091/2333-265,Srednja škola,"",gornjogradska@ggg.hr,21-114-506,Grad Zagreb županija
363,KRIŽANIĆEVA 4,01/4552 865,Zagreb,VII. GIMNAZIJA,Grad Zagreb ,10000,Ivka  Nevistić,"01/4611 741, 01/4501 233, 01/4501 231",Srednja škola,www.sedma.hr,"7.gimnazija-zg@zg.t-com.hr, tajnistvo@gimnazija-sedma-zg.skole.hr",21-114-507,Grad Zagreb županija
364,HABDELIĆEVA 1,01/485-24-10,Zagreb,Gimnazija Tituša Brezovačkog,Grad Zagreb ,10000,Damir  Jelenski,"01/485-24-10, 01/485-19-37, 01/485-19-38",Srednja škola,"","osma.gimnazija@zg.t-com.hr, ss-zagreb-508@skole.t-com.hr, gimnazija.titusa.brezovackog@zg.t-com.hr",21-114-508,Grad Zagreb županija
365,Dobojska 12,"",Zagreb,IX. GIMNAZIJA,Grad Zagreb ,10000,Sonja  Lušić Radošević,"01/309-71-97, 01/309-71-97, 01/309-71-99, 01/309-71-98",Srednja škola,http://www.9gimnazija.hr,deveta@gimnazija-deveta-zg.skole.hr,21-114-509,Grad Zagreb županija
366,KLAIĆEVA 7,"01/377 4765, 01/377 2136",Zagreb,X. gimnazija Ivan Supek,Grad Zagreb ,10000,Željka  Frković,"01/377 1879, 01/377 2136, 01/550 9283, 01/377 8426, 01/377 4708, 01/550 9280, 01/550 9290",Srednja škola,www.deseta-gimnazija.hr,"tajnistvo@deseta-gimnazija.hr, referada@deseta-gimnazija.hr, deseta@deseta-gimnazija.hr",21-114-510,Grad Zagreb županija
367,SAVSKA CESTA 77,"",Zagreb,XI. GIMNAZIJA,Grad Zagreb ,10000,Stjepan  Arnuš,01/6177 489,Srednja škola,http://gimnazija-jedanaesta-zg.skole.hr/,ured@gimnazija-jedanaesta-zg.skole.hr,21-114-511,Grad Zagreb županija
368,Međugorska ulica 42,"",Zagreb,XII. Gimnazija,Grad Zagreb ,10040,Jadranka  Vlahovec,"01 299 23 56, 01 299 23 58",Srednja škola,http://gimnazija-dvanaesta-zg.skole.hr/,ured@gimnazija-dvanaesta-zg.skole.hr,21-114-512,Grad Zagreb županija
369,Avenija Većeslava Holjevca 17,"",Zagreb,XIII. gimnazija,Grad Zagreb ,10010,Ines  Šimac,"01/6600 643, 01/6683 864, 01/6623 600, 01/ 66 01 232",Srednja škola,http://gimnazija-trinaesta-zg.skole.hr/skola/ploca,ured@gimnazija-trinaesta-zg.skole.hr,21-114-513,Grad Zagreb županija
370,TRG HRVATSKIH PAVLINA 1,01/373-21-12,Zagreb,Gimnazija Lucijana Vranjanina,Grad Zagreb ,10090,Tomislav  Babić,"01/373-22-40, 01/373-23-66, 01/373-24-95, 373-45-94",Srednja škola,"","gimnazija@lucijanka.hr, glv@gimnazija-lvranjanina-zg.skole.hr",21-114-514,Grad Zagreb županija
371,JORDANOVAC 8,01/232-15-64,Zagreb,XV. GIMNAZIJA,Grad Zagreb ,10000,Nikola  Dmitrović,"01/232-84-85, 01/232-15-64, 01/232-84-85",Srednja škola,www.mioc.hr,"xvg@mioc.hr, ured@gimnazija-petnaesta-zg.skole.hr",21-114-515,Grad Zagreb županija
372,KRIŽANIĆEVA 4A,01/461-15-19,Zagreb,XVI. GIMNAZIJA,Grad Zagreb ,10000,Nina  Karković,"01/461-15-16, 01/461-15-16, 01/461-19-77","Obrazovanje odraslih, Srednja škola","","xvi.gimnazija@zg.t-com.hr, ured@gimnazija-sesnaesta-zg.skole.hr",21-114-516,Grad Zagreb županija
373,Križanićeva 4a,"",Zagreb,KLASIČNA GIMNAZIJA,Grad Zagreb ,10000,Zdravka  Martinić-Jerčić,"01/461-17-18, 01/461-17-18, 01/461-15-17, 01/4611-718",Srednja škola,"","klasicna.gimnazija1@gmail.com, klasicna.ured@gimnazija-klasicna-zg.skole.hr",21-114-517,Grad Zagreb županija
374,MESIĆEVA 35,01/4636-338,Zagreb,XVIII. gimnazija,Grad Zagreb ,10000,Hermenegildo  Gall,"01/4680-647, 01/4680-641, 01/4680-645, 01/4636-338, 01/4616-136, 01/4663-758",Srednja škola,http://www.gimnazija-osamnaesta-zg.skole.hr/,"ravnateljica@gimnazija-osamnaesta-zg.skole.hr, matura@gimnazija-osamnaesta-zg.skole.hr, psiholog@gimnazija-osamnaesta-zg.skole.hr, pedagog@gimnazija-osamnaesta-zg.skole.hr, knjiznica@gimnazija-osamnaesta-zg.skole.hr, tajnik@gimnazija-osamnaesta-zg.skole.hr, racunovodstvo@gimnazija-osamnaesta-zg.skole.hr, sluzbenik.za.zastitu.osobnih.podataka@gimnazija-osamnaesta-zg.skole.hr, ured@gimnazija-osamnaesta-zg.skole.hr",21-114-518,Grad Zagreb županija
375,MEDVEDGRADSKA 55,01/555-2164,Zagreb,ZDRAVSTVENO UČILIŠTE,Grad Zagreb ,10000,Zlatica  Kozjak Mikić,"01/555-2151, 01/555-2161, 01/555-2152, 01/555-2175, 555-2195, 555-2192, 555-2171",Srednja škola,"",info@zdravstveno-uciliste.hr,21-114-519,Grad Zagreb županija
376,Mlinarska cesta 34,01/466-84-94,Zagreb,ŠKOLA ZA MEDICINSKE SESTRE MLINARSKA,Grad Zagreb ,10000,Asja  Jelaković,"01/466-80-79, 01/466-80-79, 01/466-80-81, 01/ 466-60-61, 01/466-78-62",Srednja škola,www.mlinarska.hr,"mlinarska@mlinarska.hr, mlinarska@mlinarska.hr",21-114-520,Grad Zagreb županija
377,VINOGRADSKA CESTA 29,01 37 00 988,Zagreb,ŠKOLA ZA MEDICINSKE SESTRE VINOGRADSKA,Grad Zagreb ,10000,Višnja  Pranjić,"01/376-84-57, 01/376-84-57, 091 554 76 97, 01/376-86-55, 01/378-71-26, 01/370-09-77",Srednja škola,www.skolamedvinogradska.hr,sms@skolamedvinogradska.hr,21-114-521,Grad Zagreb županija
378,VINOGRADSKA CESTA 29,01/376-86-44,Zagreb,ŠKOLA ZA PRIMALJE,Grad Zagreb,10000,Maja  Feil Ostojić,"098/827-109, 098/827-109, 0912333414",Srednja škola,www.skolazaprimalje.hr,szp@ss-primalje-zg.skole.hr,21-114-522,Grad Zagreb županija
379,BOLNIČKA CESTA 32,"",Zagreb,ŠKOLA ZA MEDICINSKE SESTRE VRAPČE,Grad Zagreb ,10090,Višnja  Vičić - Hudorović,"01/348-36-62, 01/3483 662, 01/3483 662, 01/3483 662",Srednja škola,https://www.szmsv.hr/,msvrapce@ss-medicinske-vrapce-zg.skole.hr,21-114-523,Grad Zagreb županija
380,GJURE PREJCA 2,"",Zagreb,Veterinarska škola,Grad Zagreb,10040,Andrea  Djurdjević,"01/299-23-54, 01/298-15-35",Srednja škola,http://www.ss-veterinarska-zg.skole.hr,veterinarska.skola@ss-veterinarska-zg.skole.hr,21-114-524,Grad Zagreb županija
381,KLAIĆEVA 7,01/376-53-29,Zagreb,I. tehnička škola Tesla,Grad Zagreb ,10000,Vjekoslav  Ditrih,"01/377-14-00, 01/377-35-86, 01/377-18-80, 01/375-65-77, 377-16-24",Srednja škola,"",tesla@tesla.hr,21-114-527,Grad Zagreb županija
382,KONAVOSKA 2,"",Zagreb,Elektrotehnička škola,Grad Zagreb,10000,Renato  Matejaš,"01/366-61-14, 01/366-61-14, 01/366-50-33, 01/366-5666",Srednja škola,http://ss-elektrotehnicka-zg.skole.hr/,skola@ss-elektrotehnicka-zg.skole.hr,21-114-528,Grad Zagreb županija
383,SELSKA CESTA 83,01 3026 165,Zagreb,Elektrostrojarska obrtnička škola,Grad Zagreb ,10000,Anto  Delač,"01 3695 080, 01 3023 823, 01 3018 611",Srednja škola,www.esos.hr,"anto.delac@skole.hr, info@esos.hr",21-114-530,Grad Zagreb županija
384,AVENIJA VEĆESLAVA HOLJEVCA 17,01/6672-472,Zagreb,GRADITELJSKA TEHNIČKA ŠKOLA,Grad Zagreb ,10020,Dinka  Džeko,"01/6670-506, 01/6622-806, 6670-506, 01/6677-335",Srednja škola,http://www.ss-graditeljska-zg.skole.hr/,"info@gts.hr, gts@gts.hr",21-114-531,Grad Zagreb županija
385,AVENIJA VEĆESLAVA HOLJEVCA 15,"",Zagreb,Geodetska škola,Grad Zagreb ,10020,Zdravka  Šimić,"01/660-06-48, 01/660-06-48, 01/660-06-48",Srednja škola,www.geoskola.hr,uprava@geoskola.hr,21-114-532,Grad Zagreb županija
386,MEDULIĆEVA 33,"",Zagreb,PRVA EKONOMSKA ŠKOLA,Grad Zagreb ,10000,Nenad  Travar,01/482-80-96,Srednja škola,"","prvaekonomska.tajnistvo@gmail.com, srednja@prva-ekonomska-skola.hr",21-114-535,Grad Zagreb županija
387,DOBOJSKA 12,"01/309-71-96, 309-71-95",Zagreb,DRUGA EKONOMSKA ŠKOLA,Grad Zagreb ,10000,Ana  Naletilić,"01/309-71-96, 309-71-95, 01/309-71-96, 309-71-95, 01/309-71-96, 309-71-95",Srednja škola,http://ss-druga-ekonomska-zg.skole.hr/,ured@ss-druga-ekonomska-zg.skole.hr,21-114-536,Grad Zagreb županija
388,TRG J. F. KENNEDYA 5,"",Zagreb,Treća ekonomska škola,Grad Zagreb ,10000,Bernard  Iličić,"01/233-61-16, 01/647-07-97, 01/231-51-61, 01/232-53-83, 01/233-82-58",Srednja škola,"","treca.ekonomska@tes.hr, teszagreb@gmail.com, treca.ekonomska@ss-treca-ekonomska-zg.skole.hr",21-114-537,Grad Zagreb županija
389,ULICA GRADA VUKOVARA 269,01/618-47-80,Zagreb,PRIRODOSLOVNA ŠKOLA VLADIMIRA PRELOGA,Grad Zagreb ,10000,Zlatko  Stić,"01/618-47-64, 618-47-72, 01/618-47-80, 01/618-47-97, 01/618-48-29, 618-48-28",Srednja škola,www.psvprelog.hr,"info@psvprelog.hr, ravnatelj@psvprelog.hr",21-114-538,Grad Zagreb županija
390,KOMBOLOVA 2 A,01/668-43-77,Zagreb,UGOSTITELJSKO-TURISTIČKO UČILIŠTE,Grad Zagreb,10020,Mladen  Smodlaka,"01/668-69-86, 668-68-66, 01/660 17 39, 091/4646677, 01/668-43-65, 668-48-68, 091/4646671, 01/660-39-26, 669-26-49, 660-39-15, 660-39-21",Srednja škola,www.utu.hr,"ravnatelj@utu.hr, tajnik@utu.hr, ured@uciliste-ugostiteljsko-turisticko-zg.skole.hr",21-114-539,Grad Zagreb županija
391,TRG J. F. KENNEDYJA 9,"",Zagreb,Poštanska i telekomunikacijska škola,Grad Zagreb ,10000,Zlatko  Sviben,"01/230-07-08, 01/230-07-08, 01/230-07-08",Srednja škola,http://www.ss-pts-zg.skole.hr/,"ptskola@ptskola.hr, ravnatelj@ss-pts-zg.skole.hr",21-114-540,Grad Zagreb županija
392,TRG J. F. KENNEDYJA 8,01/230-05-81,Zagreb,ŠKOLA ZA CESTOVNI PROMET,Grad Zagreb ,10000,Tomislav  Ćurković,"01/230-34-44, 01/230-34-58",Srednja škola,"",info@scp.hr,21-114-541,Grad Zagreb županija
393,GJURE PREJCA 2,01/2988670,Zagreb,AGRONOMSKA ŠKOLA ZAGREB,Grad Zagreb ,10040,Ivica  Marinić,"01/2992133, 01/2988670, 01/2920460",Srednja škola,http://agronomska-skola-zagreb.hr/,"ured@agronomska-skola-zg.skole.hr, ured@agronomska-skola-zg.skole.hr",21-114-542,Grad Zagreb županija
394,GJURE PREJCA 2,01/299-54-24,Zagreb,PREHRAMBENO-TEHNOLOŠKA ŠKOLA,Grad Zagreb ,10040,Josip  Šestak,"01/299-23-55, 01/299-23-53, 01/299-23-52, 01/299-23-57, 01/647-13-00, 01/647-13-03, 01/647-13-08, 01/298-21-63",Srednja škola,https://prehrambeno-tehnoloska-skola.hr,"josip.sestak@skole.hr, ured@ss-prehrambenotehnoloska-zg.skole.hr",21-114-543,Grad Zagreb županija
395,PRILAZ BARUNA FILIPOVIĆA 30,01/370-34-37,Zagreb,Škola za modu i dizajn,Grad Zagreb ,10000,Maja  Dadić Žeravica,"01/377-31-33, 01/370-31-55","Srednja škola, Umjetnička škola",www.ss-moda-dizajn-zg.skole.hr,mid@ss-moda-dizajn-zg.skole.hr,21-114-544,Grad Zagreb županija
396,GETALDIĆEVA 2,01/2456-245,Zagreb,"Škola za grafiku, dizajn i medijsku produkciju",Grad Zagreb ,10000,Mislav  Papec,"01/237-10-70, 01/237-10-75, 01/237-10-76",Srednja škola,skola-gdmp.hr,info@skola-gdmp.hr,21-114-545,Grad Zagreb županija
397,VOĆARSKA 106,01/468-04-25,Zagreb,NADBISKUPSKA KLASIČNA GIMNAZIJA s pravom javnosti,Zagrebačka nadbiskupija,10000,Ljuba  Duvnjak,"01/468-04-25, 01/468-05-16, 01/468-08-48",Srednja škola,http://www.nkg-zagreb.hr,ured.nkg.zagreb@gmail.com,21-114-546,Grad Zagreb županija
398,AVENIJA MARINA DRŽIĆA 14,01/619-25-71,Zagreb,STROJARSKA TEHNIČKA ŠKOLA FAUSTA VRANČIĆA,Grad Zagreb ,10000,Dubravko  Diklić,"01/611-87-13, 615-30-30, 615-30-40, 01/615-29-58",Srednja škola,www.stsfv.eu,"info@stsfv.hr, info@stsfv.eu, stsfv1@gmail.com",21-114-547,Grad Zagreb županija
399,KONAVOSKA 2,01/3665057,Zagreb,Strojarska tehnička škola Frana Bošnjakovića,Grad Zagreb,10000,Bosiljka  Galenić,"01/3665655, 01/3665022",Srednja škola,ss-strojarskatehnicka-fbosnjakovica-zg.skole.hr,sts-bosnjakovic@zg.ht.hr,21-114-548,Grad Zagreb županija
400,SAVSKA CESTA 86,01/617-74-99,Zagreb,Drvodjeljska škola Zagreb,Grad Zagreb ,10000,Milan  Šapina,"01/ 617-75-02, 01/ 617-75-05, 01/ 617-75-05",Srednja škola,www.ss-drvodjeljska-zg.skole.hr,skola@ss-drvodjeljska-zg.skole.hr,21-114-549,Grad Zagreb županija
401,Palmotićeva 84,01/483-99-10,Zagreb,Tehnička škola Zagreb,Grad Zagreb ,10000,Patrik  Mardešić,"01/378-33-18, 01/483-99-09, 378-32-20, 01/378-29-69, 483-99-10, 01/Dom: 483-93-93, 483-93-90",Srednja škola,www.tszagreb.hr,"zts-zagreb@zg.htnet.hr, ured@ss-tehnicka-zg.skole.hr",21-114-550,Grad Zagreb županija
402,SAVSKA CESTA 23,4886181,Zagreb,OBRTNIČKA ŠKOLA ZA OSOBNE USLUGE,Grad Zagreb ,10000,Darinka  Štampar Šmaguc,"4886 180, 4886190, 4886182, 4886 183, 4886 186, 4886 184   4886 185",Srednja škola,"",skola@ss-obrtnicka-osobneusluge-zg.skole.hr,21-114-551,Grad Zagreb županija
403,AVENIJA MARINA DRŽIĆA 14,01/615-29-60,Zagreb,INDUSTRIJSKA STROJARSKA ŠKOLA,Grad Zagreb ,10000,Nenad  Pavlinić,"01/615-66-11, 01/615-29-55, 01/615-29-55",Srednja škola,"",iss@ss-industrijska-strojarska-zg.skole.hr,21-114-553,Grad Zagreb županija
404,Avenija Većeslava Holjevca 13,01/6623-454,Zagreb,OBRTNIČKA I INDUSTRIJSKA GRADITELJSKA ŠKOLA,Grad Zagreb ,10020,Anto  Vidović,"01/6670-503, 01/6670-503, 01/6670-503, 01/6670-503, 01/6670-503, 01/6670-503","Posebna ustanova odgoja i obrazovanja, Srednja škola","","obrtnicka@oigs.hr, oigszg@gmail.com",21-114-554,Grad Zagreb županija
405,SVETI DUH 129,01/370-07-35,Zagreb,Škola za montažu instalacija i metalnih konstrukcija,Grad Zagreb ,10000,Darko  Sušac,"01/370-07-36, 01/370-07-36, 01/370-07-36, 3700-739, 3700-738",Srednja škola,"",skola@smimk.hr,21-114-555,Grad Zagreb županija
406,Prilaz baruna Filipovića 30,"",Zagreb,Upravna škola Zagreb,Grad Zagreb ,10000,Suzana  Hitrec,"01/4830774, 01/4830774, 01/4830772, 01/4830773",Srednja škola,https://upravnaskolazagreb.hr/,ured@ss-upravnaskolazagreb-zg.skole.hr,21-114-556,Grad Zagreb županija
407,TRG J.F. KENNEDYA 4,01/233-5073,Zagreb,TRGOVAČKA ŠKOLA,Grad Zagreb ,10000,Darko  Grgurić,"01/233-57-02, 01/233-5073, 01/232-29-44, 01/098-231-012",Srednja škola,"","ravnatelj@trgovacka-skola.hr, SS-ZAGREB-557@skole.t-com.hr, ured@ss-trgovacka-zg.skole.hr",21-114-557,Grad Zagreb županija
408,TRG REPUBLIKE HRVATSKE 11,01/482-64-23,Zagreb,ŠKOLA PRIMIJENJENE UMJETNOSTI I DIZAJNA,Grad Zagreb ,10000,Filip  Pintarić,"01/482-80-93, 01/482-80-99, 01/482-80-95","Srednja škola, Umjetnička škola",ss-primijenjenaumjetnostidizajn-zg.skole.hr,ured@ss-primijenjenaumjetnostidizajn-zg.skole.hr,21-114-558,Grad Zagreb županija
409,Selska cesta 119,01/36-95-687,Zagreb,ŠPORTSKA GIMNAZIJA,Grad Zagreb ,10000,Stipe  Perišić,"01/301-64-44, 01/369-00-85",Srednja škola,"","spogi@spogi.hr, ravnatelj@spogi.hr",21-114-560,Grad Zagreb županija
410,Bistrička 7,", ",Sesvete,GIMNAZIJA SESVETE,Grad Zagreb,10360,Božana  Sertić,"01/200-24-66, 01/200-34-72, 01/200-34-73",Srednja škola,"",ured@gimnazija-sesvete.skole.hr,21-114-565,Grad Zagreb županija
411,ZAGORSKA 14,01/364-70-64,Zagreb,Srednja škola - Centar za odgoj i obrazovanje,Grad Zagreb,10000,Đana  Baftiri,"01/364-34-37, 01/364-38-38","Posebna ustanova odgoja i obrazovanja, Srednja škola",www.ss-czoio.hr,infoss-centar-odgojiobrazovanje-zg20212022@o365.skole.hr,21-114-566,Grad Zagreb županija
412,GUNDULIĆEVA 12,01/487-59-41,Zagreb,Ženska opća gimnazija Družbe sestara milosrdnica - s pravom javnosti,Družba sestara milosrdnica,10000,"Vesna  Dinjar, S. Danijela","01/483-02-48, 01/483-02-48, 01/4830-248, ",Srednja škola,"",ured@gimnazija-druzbesestaramilosrdnica-zg.skole.hr,21-114-568,Grad Zagreb županija
413,GETALDIĆEVA 4,01/237-10-62,Zagreb,TEHNIČKA ŠKOLA RUĐERA BOŠKOVIĆA,Grad Zagreb ,10000,Đurđica  Fuštar,"01/237-10-61, 01/237-10-61, 01/237-10-63, 01/237-10-66",Srednja škola,www.tsrb.hr,"tsrb@tsrb.hr, ured@ss-tehnicka-rboskovic-zg.skole.hr",21-114-588,Grad Zagreb županija
414,FRANKOPANSKA 8,"",Zagreb,Hotelijersko-turistička škola u Zagrebu,Grad Zagreb ,10000,Zdravka  Krpina,"",Srednja škola,http://www.ss-hotelijersko-turisticka-zg.skole.hr/,ured@ss-hotelijersko-turisticka-zg.skole.hr,21-114-595,Grad Zagreb županija
415,Andrije Hebranga 21,01/485-21-42,Zagreb,PRVA PRIVATNA GIMNAZIJA s pravom javnosti,Jasenka Bistričić Breitenfeld,10000,Maja  Breitenfeld,"01/485-21-42, 01/485-21-42, 01/488-36-63",Srednja škola,"","prva-privatna-gimnazija@zg.t-com.hr, info@ppg.hr",21-114-618,Grad Zagreb županija
416,HARAMBAŠIĆEVA 19,01/234-50-81,Zagreb,PRIVATNA KLASIČNA GIMNAZIJA S PRAVOM JAVNOSTI,Zlatko Šešelj,10000,Zvonimir  Bošnjak,01/230-03-25,Srednja škola,"","info@pkg.hr, privklas@zamir.net",21-114-620,Grad Zagreb županija
417,Mikulići 133a,013700742,Zagreb,"Gimnazija i ekonomska škola Benedikta Kotruljevića, s pravom javnosti",Nada Morić,10000,Nada  Morić,"01/370-07-42, 01/370-07-42",Srednja škola,"","info@gimneks.hr, ured@gimnazija-bkotruljevica-zg.skole.hr",21-114-600,Grad Zagreb županija
418,Selska cesta 119,"",Zagreb,Privatna gimnazija i ekonomska škola Katarina Zrinski,Janja Tafra i  Vitomir Tafra,10110,Katica  Srbić,"01/4002-304, 01/4002-304",Srednja škola,www.zrinski.org,katarina@zrinski.org,21-114-601,Grad Zagreb županija
419,Gjure Szaba 4,01 /3779-582,Zagreb,LINIGRA-privatna škola s pravom javnosti,Karmela Marin,10000,Trpimir-Frane  Sulić,"01 /3779-593, 091/233-5839",Srednja škola,www.linigra.hr,info@linigra.hr,21-114-602,Grad Zagreb županija
420,Prilaz Safvet-bega Bašagića 1,"",Zagreb,Islamska gimnazija dr. Ahmeda Smajlovića,Mešihat islamske zajednice,10000,Mevludi  Arslani,"01/6131 057, 01/6155 294",Srednja škola,http://ss-drasmajlovic-zg.skole.hr/,ured@ss-drasmajlovic-zg.skole.hr,21-114-597,Grad Zagreb županija
421,TUŠKANAC 77,01/4854-202,Zagreb,"Privatna umjetnička gimnazija, s pravom javnosti",dr.sc. Rasima Kajić,10000,Tea  Hofmann,"01/4854-437, 099/270-4355",Srednja škola,www.pug.hr,"info@pug.hr, webmaster@pug.hr",21-114-609,Grad Zagreb županija
422,DEDIĆI 102,01/463-67-89,Zagreb,"Privatna gimnazija Dr. Časl, s pravom javnosti",dr. sc. Martin-Tino Časl,10000,Martin-Tino  Časl,"01/461-10-07, 463-67-89, 091/ 2006 286",Srednja škola,www.privatna-gimnazija-casl.hr,ravnatelj@kreativan-razvoj.hr,21-114-614,Grad Zagreb županija
423,Vlaška 40,01/ 48 73 958,Zagreb,Privatna gimnazija i strukovna škola Svijet s pravom javnosti,Marija Šarić,10000,Marija  Šarić,01/ 48 73 957,Srednja škola,www.privatnagimnazijasvijet.hr,"kontakt@privatnagimnazijasvijet.hr, ured@gimnazija-svijet-zg.skole.hr",21-114-615,Grad Zagreb županija
424,Divka Budaka 1/d,01/48-28-572,Zagreb,Privatna škola Futura,Ana Pinjušić,10000,Sofija  Pinjušić Ćurić,"01/48-28-571, 091/891-5075",Srednja škola,www.skola-futura.hr,info@skola-futura.hr,21-114-617,Grad Zagreb županija
425,Sveti Duh 122,"",Zagreb,SRPSKA PRAVOSLAVNA OPĆA GIMNAZIJA KANTAKUZINA-KATARINA BRANKOVIĆ ustanova ˝s pravom javnosti˝,Eparhija zagrebačko-ljubljanska,10000,Slobodan  Lalić,01/4852-871,Srednja škola,"","gimnazija@srpskagimnazija-zg.org, ured@gimnazija-srpska-pravoslavna-zg.skole.hr",21-114-598,Grad Zagreb županija
426,Ljubijska 82,"",Zagreb,Privatna gimnazija i turističko-ugostiteljska škola Jure Kuprešak,Jure Kuprešak,10040,Jure  Kuprešak,"01/2987-539, 098/283-299",Srednja škola,"","skola-kupresak@email.t-com.hr, jure.kupresak@skole.hr",21-114-621,Grad Zagreb županija
427,Ulica Ljudevita Gaja 34,049/377-234,Pregrada,GLAZBENA ŠKOLA PREGRADA,Grad Pregrada,49218,Petra  Tokić,049/377-234,"Osnovna škola, Srednja škola, Umjetnička škola","","glazbena.skola.pregrada@kr.t-com.hr, ured@gs-pregrada.skole.hr",02-123-502,Krapinsko-zagorska županija
428,Svilarska 12,"",Koprivnica,Umjetnička škola Fortunat Pintarić,Grad Koprivnica,48000,Ariana  Šandl,048/623-356,"Osnovna škola, Srednja škola, Umjetnička škola",www.umjetnicka.net,"ravnatelj@glazbena.com, tajnistvo@glazbena.com",06-037-504,Koprivničko-križevačka županija
429,Ikičina 30,"",Knin,SREDNJA ŠKOLA LOVRE MONTIJA,Šibensko-kninska županija,22300,Mirko  Antunović,"022/660-330., 663-690",Srednja škola,"",ured@ss-lovre-montija-knin.skole.hr,15-036-502,Šibensko-kninska županija
430,IKIČINA 30,"",Knin,SREDNJA STRUKOVNA ŠKOLA KRALJA ZVONIMIRA,Šibensko-kninska županija,22300,Milivoj  Ilić,"022/660000, 022/664910",Srednja škola,"",ured@ss-strukovna-kralja-zvonimira-kn.skole.hr,15-036-503,Šibensko-kninska županija
431,Pape Ivana Pavla II. 6,034/312-070,Požega,Katolička gimnazija s pravom javnosti,Požeška biskupija,34000,Ivan  Bedeničić,"034/312-093, 034/312-095, 034/312-087, 034/312-090, 034/312-091",Srednja škola,http://katolicka-gimnazija.hr/,"ravnatelj@katolicka-gimnazija.hr, pedagog@katolicka-gimnazija.hr, nikolina.bodolovic@skole.hr, tajnistvo@katolicka-gimnazija.hr",11-077-510,Požeško-slavonska županija
432,Trg Ljudevita Patačića 3,033/800-756,Virovitica,KATOLIČKA KLASIČNA GIMNAZIJA S PRAVOM JAVNOSTI U VIROVITICI,Požeška biskupija,33000,Marijana  Novak Stanić,"033/800-755, 033/800-756, 033/800-648, 033/554-264",Srednja škola,www.kkg-vtc.hr,ured@gimnazija-katolicka-klasicna-vt.skole.hr,10-089-506,Virovitičko-podravska županija
433,Makarska 36,021410024,Split,Privatna srednja škola Wallner,"WALLNER d.o.o., MBS: 060189485, TS u Splitu",21000,Ana  Bulovan,"021410362, 021410024, 0913214378",Srednja škola,www.oliva-allegra.com,"info@oliva-allegra.com, ana.bulovan@skole.hr",17-126-533,Splitsko-dalmatinska županija
434,Maršanići 5,"",Zagreb,GLAZBENA ŠKOLA BONAR,Ružica Gelo Ciglenečki,10000,Ružica  Gelo Ciglenečki,"01/6264-106, 091/568-1435","Osnovna škola, Srednja škola, Umjetnička škola","","ruzica.gelo-ciglenecki@skole.hr, info@bonar.hr",02-014-003,Grad Zagreb županija
435,TRG RUĐERA BOŠKOVIĆA 16 ,033/551-577,Slatina,Srednja škola Marka Marulića Slatina,Virovitičko-podravska županija,33520,Ivan  Roštaš,"033/551-449, 033/551-641, 033/551-449",Srednja škola,http://www.ss-mmarulica-slatina.skole.hr/,"ured@ss-mmarulica-slatina.skole.hr, ured@ss-mmarulica-slatina.skole.hr",10-067-502,Virovitičko-podravska županija
436,TRG RUĐERA BOŠKOVIĆA 5a,"",Slatina,Industrijsko-obrtnička škola Slatina,Virovitičko-podravska županija,33520,Mladen  Graovac,"033492511, 033/492-510",Srednja škola,http://www.ss-industrijsko-obrtnicka-sl.skole.hr,ravnatelj@ss-industrijsko-obrtnicka-sl.skole.hr,10-067-503,Virovitičko-podravska županija
437,"LUG SAMOBORSKI, KNEZA ZDESLAVA 2","",Bregana,CENTAR ZA ODGOJ I OBRAZOVANJE LUG,"Ministarstvo za demografiju, obitelj, mlade i socijalnu skrb",10432,Nataša  Grković Šola,"01/3375248, ",Srednja škola,"","info@centar-lug.hr, admin@centar-lug.skole.hr",01-073-505,Zagrebačka županija
438,PAHINSKO 6,"",Ivanec,CENTAR ZA PRUŽANJE USLUGA U ZAJEDNICI IVANEC,"Ministarstvo za demografiju, obitelj, mlade i socijalnu skrb",42240,Elvis  Gotal,042 771 914,Srednja škola,https://centar-pruzanjeuslugauzajednici-ivanec.skole.hr,ured@centarzapruzanjeuslugauzajednici-ivanec.skole.hr 	,05-031-503,Varaždinska županija
439,ZAGREBAČKA 16,"",Mali Lošinj,Centar odgoja i obrazovanja pri Odgojnom domu Mali Lošinj,"Ministarstvo za demografiju, obitelj, mlade i socijalnu skrb",51550,Silvija  Kocijan,"051/231 078, 051/ 231-078, 051/231-078",Srednja škola,"",skolaodml@gmail.com,08-292-502,Primorsko-goranska županija
440,BANA JOSIPA JELAČIĆA 4,"",Šibenik,CENTAR ZA ODGOJ I OBRAZOVANJE ŠUBIĆEVAC,"Ministarstvo za demografiju, obitelj, mlade i socijalnu skrb",22000,Nataša  Tucak,"","Osnovna škola, Srednja škola",http://centar-odgojiobrazovanje-subicevac-si.skole.hr/,ured@centar-odgojiobrazovanje-subicevac-si.skole.hr,15-081-011,Šibensko-kninska županija
441,BRUNE BUŠIĆA 30,021535347,Split,Centar za odgoj i obrazovanje JURAJ BONAČI,"Ministarstvo za demografiju, obitelj, mlade i socijalnu skrb",21000,Snježana  Čotić,021530663,"Osnovna škola, Srednja škola",https://centar-juraj-bonaci.hr/,"centar.juraj.bonaci@gmail.com, snjezana.cotic@skole.hr",17-126-535,Splitsko-dalmatinska županija
442,RADNIČKA 2,"",Split,Centar za odgoj i obrazovanje SLAVA RAŠKAJ,"Ministarstvo za demografiju, obitelj, mlade i socijalnu skrb",21000,Snježana  Čulo,021 541 660,"Osnovna škola, Srednja škola",http://www.centarslavaraskaj.hr/,slava.raskaj@st.t-com.hr,17-126-536,Splitsko-dalmatinska županija
